datetime,count
2011-01-20 00:00:00,18.419395750577923
2011-01-20 01:00:00,5.770515188580921
2011-01-20 02:00:00,3.6877952866518555
2011-01-20 03:00:00,2.1886129233957323
2011-01-20 04:00:00,1.62821230404707
2011-01-20 05:00:00,11.983697814289238
2011-01-20 06:00:00,60.56671353173228
2011-01-20 07:00:00,191.0660665700276
2011-01-20 08:00:00,456.36195118287395
2011-01-20 09:00:00,219.83643171455896
2011-01-20 10:00:00,104.2880430436206
2011-01-20 11:00:00,100.47592208218818
2011-01-20 12:00:00,122.73757998489667
2011-01-20 13:00:00,109.0935126964609
2011-01-20 14:00:00,122.17800633935039
2011-01-20 15:00:00,118.39363348925717
2011-01-20 16:00:00,162.25319677547117
2011-01-20 17:00:00,296.5559631972379
2011-01-20 18:00:00,253.45487870231725
2011-01-20 19:00:00,201.7622059321028
2011-01-20 20:00:00,101.50282899058719
2011-01-20 21:00:00,78.82535482740077
2011-01-20 22:00:00,40.62337164889294
2011-01-20 23:00:00,25.565373352498124
2011-01-21 00:00:00,30.98912780262881
2011-01-21 01:00:00,12.957506984783244
2011-01-21 02:00:00,6.22665965037631
2011-01-21 03:00:00,2.1303604923834065
2011-01-21 04:00:00,2.0120060589920747
2011-01-21 05:00:00,7.641394133770865
2011-01-21 06:00:00,48.48520627325238
2011-01-21 07:00:00,101.72935288031731
2011-01-21 08:00:00,200.95596490554095
2011-01-21 09:00:00,114.4749984854203
2011-01-21 10:00:00,64.34798928107978
2011-01-21 11:00:00,71.54411243648453
2011-01-21 12:00:00,100.34521109506055
2011-01-21 13:00:00,79.05534540415879
2011-01-21 14:00:00,95.61889483554312
2011-01-21 15:00:00,95.26968637338005
2011-01-21 16:00:00,81.36400155137818
2011-01-21 17:00:00,149.272009158803
2011-01-21 18:00:00,134.060936804194
2011-01-21 19:00:00,74.67071199442296
2011-01-21 20:00:00,72.81044643175049
2011-01-21 21:00:00,44.35931123510044
2011-01-21 22:00:00,45.344238920198244
2011-01-21 23:00:00,23.805823119805563
2011-01-22 00:00:00,26.2747481531586
2011-01-22 01:00:00,23.59649073693427
2011-01-22 02:00:00,22.51587507256947
2011-01-22 03:00:00,8.193069799356596
2011-01-22 04:00:00,1.8064434598704124
2011-01-22 06:00:00,6.049610396173851
2011-01-22 07:00:00,20.00130725413627
2011-01-22 08:00:00,50.60126924007525
2011-01-22 09:00:00,77.5363323966295
2011-01-22 10:00:00,68.89532275470206
2011-01-22 11:00:00,80.642830747822
2011-01-22 12:00:00,91.31039016475619
2011-01-22 13:00:00,113.00555980861779
2011-01-22 14:00:00,102.1233710475355
2011-01-22 15:00:00,135.2641996465282
2011-01-22 16:00:00,91.43238410986807
2011-01-22 17:00:00,104.93411848849703
2011-01-22 18:00:00,45.75935290466165
2011-01-22 19:00:00,47.62932389836612
2011-01-22 20:00:00,49.06478207553686
2011-01-22 21:00:00,48.14063739658586
2011-01-22 22:00:00,28.872739293895393
2011-01-22 23:00:00,42.244342113993376
2011-01-23 00:00:00,29.098060157360912
2011-01-23 01:00:00,22.828843826102986
2011-01-23 02:00:00,11.71832370869783
2011-01-23 03:00:00,7.366661171169056
2011-01-23 05:00:00,2.6315282514802565
2011-01-23 06:00:00,4.2964744261413195
2011-01-23 07:00:00,7.946609209709842
2011-01-23 08:00:00,23.20652521474555
2011-01-23 09:00:00,62.14372480780539
2011-01-23 10:00:00,53.76928259939777
2011-01-23 11:00:00,104.44809231037482
2011-01-23 12:00:00,131.91940674805977
2011-01-23 13:00:00,116.28359477741475
2011-01-23 14:00:00,124.31335130099313
2011-01-23 15:00:00,122.66959179750837
2011-01-23 16:00:00,91.91300686783467
2011-01-23 17:00:00,82.39339058247218
2011-01-23 18:00:00,64.524538496721
2011-01-23 19:00:00,50.50477471534116
2011-01-23 20:00:00,34.96883330057095
2011-01-23 21:00:00,36.55522110194704
2011-01-23 22:00:00,21.202348578568657
2011-01-23 23:00:00,20.265872476685225
2011-01-24 00:00:00,12.26342044614617
2011-01-24 01:00:00,4.953721642637783
2011-01-24 03:00:00,1.1399728572639678
2011-01-24 04:00:00,2.068868759801111
2011-01-24 05:00:00,7.659813342113721
2011-01-24 06:00:00,43.98687091161854
2011-01-24 07:00:00,85.29732979626036
2011-01-24 08:00:00,192.01795117737086
2011-01-24 09:00:00,139.53026569302497
2011-01-24 10:00:00,70.54453288934916
2011-01-24 11:00:00,67.76147927669679
2011-01-24 12:00:00,78.19824521875293
2011-01-24 13:00:00,58.038782460058755
2011-01-24 14:00:00,53.05711782628171
2011-01-24 15:00:00,66.58692671013925
2011-01-24 16:00:00,63.965037140347654
2011-01-24 17:00:00,138.86446459340593
2011-01-24 18:00:00,120.45117773876345
2011-01-24 19:00:00,103.54596310637275
2011-01-24 20:00:00,62.07717637968356
2011-01-24 21:00:00,31.0236433740711
2011-01-24 22:00:00,24.13105438397221
2011-01-24 23:00:00,14.440049478117848
2011-01-25 00:00:00,7.348160230423721
2011-01-25 01:00:00,2.923682026930082
2011-01-25 02:00:00,1.5456203350569353
2011-01-25 04:00:00,2.0488501205000245
2011-01-25 05:00:00,9.293948054162177
2011-01-25 06:00:00,53.16628392679751
2011-01-25 07:00:00,121.20200891227576
2011-01-25 08:00:00,247.37933030269974
2011-01-25 09:00:00,128.39324369722314
2011-01-25 10:00:00,75.39752203735453
2011-01-25 11:00:00,85.19140195274528
2011-01-25 12:00:00,122.82961709420802
2011-01-25 13:00:00,116.08603401486216
2011-01-25 14:00:00,117.34441796133633
2011-01-25 15:00:00,100.30387865680774
2011-01-25 16:00:00,157.0634218971003
2011-01-25 17:00:00,239.90527542369838
2011-01-25 18:00:00,223.1605066900879
2011-01-25 19:00:00,139.49953073308225
2011-01-25 20:00:00,73.6200416393151
2011-01-25 21:00:00,54.55686203437586
2011-01-25 22:00:00,27.935442178598137
2011-01-25 23:00:00,16.745391769630718
2011-01-26 00:00:00,11.87931815313822
2011-01-26 01:00:00,5.811612157788995
2011-01-26 02:00:00,2.428057698367558
2011-01-26 05:00:00,3.8019014121610515
2011-01-26 06:00:00,18.225414313357156
2011-01-26 07:00:00,92.35003893380909
2011-01-26 08:00:00,165.4150950191994
2011-01-26 09:00:00,59.804513962201376
2011-01-26 10:00:00,19.543852365134
2011-01-26 11:00:00,15.312929522734834
2011-01-26 12:00:00,16.390128917540533
2011-01-26 13:00:00,14.428321262653283
2011-01-26 14:00:00,12.101567729376292
2011-01-26 15:00:00,12.9376024150947
2011-01-26 16:00:00,27.801611443324997
2011-01-26 17:00:00,62.713126859227366
2011-01-27 16:00:00,98.96097780300471
2011-01-27 17:00:00,189.15793880873156
2011-01-27 18:00:00,152.7399178074012
2011-01-27 19:00:00,111.54652587364617
2011-01-27 20:00:00,90.69563511731072
2011-01-27 21:00:00,69.86567024073032
2011-01-27 22:00:00,46.30124444075049
2011-01-27 23:00:00,34.59370080987701
2011-01-28 00:00:00,15.11849425334228
2011-01-28 01:00:00,7.485801684963744
2011-01-28 02:00:00,3.2835844225797275
2011-01-28 03:00:00,3.1253764470785645
2011-01-28 05:00:00,11.991217297806838
2011-01-28 06:00:00,49.33391541510963
2011-01-28 07:00:00,86.77452629433944
2011-01-28 08:00:00,242.22723429930522
2011-01-28 09:00:00,94.3455559115216
2011-01-28 10:00:00,45.62923065977176
2011-01-28 11:00:00,50.0914128003262
2011-01-28 12:00:00,52.00009504358164
2011-01-28 13:00:00,46.21444836102764
2011-01-28 14:00:00,30.993502034539837
2011-01-28 15:00:00,54.03996799374654
2011-01-28 16:00:00,73.59371776808908
2011-01-28 17:00:00,199.35503637554163
2011-01-28 18:00:00,225.9404336556846
2011-01-28 19:00:00,141.54431905205558
2011-01-28 20:00:00,94.82164079053256
2011-01-28 21:00:00,61.45790157478684
2011-01-28 22:00:00,52.84249379900011
2011-01-28 23:00:00,57.26793888254728
2011-01-29 00:00:00,23.777455606540123
2011-01-29 01:00:00,15.615191985238825
2011-01-29 02:00:00,14.158309490438453
2011-01-29 03:00:00,9.24205203510581
2011-01-29 04:00:00,2.5693067600936854
2011-01-29 06:00:00,3.8999108294145137
2011-01-29 07:00:00,16.48424177337762
2011-01-29 08:00:00,31.46252723051338
2011-01-29 09:00:00,65.90917918440691
2011-01-29 10:00:00,69.6243243867122
2011-01-29 11:00:00,62.946872000336604
2011-01-29 12:00:00,87.31934820919082
2011-01-29 13:00:00,100.38464586183105
2011-01-29 14:00:00,143.4283448249036
2011-01-29 15:00:00,135.8164679369907
2011-01-29 16:00:00,184.33687515838128
2011-01-29 17:00:00,84.29683262856143
2011-01-29 18:00:00,105.33964521374726
2011-01-29 19:00:00,78.79142120061685
2011-01-29 20:00:00,80.39027992329339
2011-01-29 21:00:00,71.2695721741306
2011-01-29 22:00:00,71.99396104031653
2011-01-29 23:00:00,68.32235132102544
2011-01-30 00:00:00,48.91336390540912
2011-01-30 01:00:00,28.29715524313177
2011-01-30 02:00:00,31.277477613406358
2011-01-30 03:00:00,8.888746880924806
2011-01-30 04:00:00,2.652323140122447
2011-01-30 05:00:00,2.4982944694902165
2011-01-30 07:00:00,4.329601732880695
2011-01-30 08:00:00,20.453088105820367
2011-01-30 09:00:00,69.80047079779808
2011-01-30 10:00:00,119.35982128296745
2011-01-30 11:00:00,88.18626096474878
2011-01-30 12:00:00,233.6024901169632
2011-01-30 13:00:00,137.50519646040064
2011-01-30 14:00:00,130.6937883923484
2011-01-30 15:00:00,158.80371056127387
2011-01-30 16:00:00,129.5781324445446
2011-01-30 17:00:00,124.30997254507598
2011-01-30 18:00:00,89.65998833386898
2011-01-30 19:00:00,86.82452449369589
2011-01-30 20:00:00,60.1298623361361
2011-01-30 21:00:00,72.5087080033554
2011-01-30 22:00:00,48.98447122196671
2011-01-30 23:00:00,15.66845007772462
2011-01-31 00:00:00,15.217403894855345
2011-01-31 01:00:00,4.321885266863076
2011-01-31 02:00:00,2.359383754719417
2011-01-31 03:00:00,1.5417254586525133
2011-01-31 04:00:00,1.4666169479635631
2011-01-31 05:00:00,3.251568799932461
2011-01-31 06:00:00,27.261994603959025
2011-01-31 07:00:00,71.761378261072565
2011-01-31 08:00:00,180.91358829750453
2011-01-31 09:00:00,100.56061588158047
2011-01-31 10:00:00,42.51489838200104
2011-01-31 11:00:00,47.24225588874635
2011-01-31 12:00:00,51.87993833648948
2011-01-31 13:00:00,75.9083659194483
2011-01-31 14:00:00,41.95950828394079
2011-01-31 15:00:00,49.400922640474555
2011-01-31 16:00:00,63.737296746514126
2011-01-31 17:00:00,106.66972077909433
2011-01-31 18:00:00,102.72683752377182
2011-01-31 19:00:00,150.70418423032308
2011-01-31 20:00:00,58.717941246824985
2011-01-31 21:00:00,42.610540820756825
2011-01-31 22:00:00,32.16844901239058
2011-01-31 23:00:00,17.30668864770531
2011-02-20 00:00:00,48.2261641787832
2011-02-20 01:00:00,21.560270226590017
2011-02-20 02:00:00,29.902207019413616
2011-02-20 03:00:00,7.437998623616406
2011-02-20 04:00:00,1.9359457242460223
2011-02-20 06:00:00,3.3584731759476343
2011-02-20 07:00:00,10.175579010497446
2011-02-20 08:00:00,22.693535124819537
2011-02-20 09:00:00,60.301048928566104
2011-02-20 10:00:00,123.7491898809723
2011-02-20 11:00:00,182.80757646741304
2011-02-20 12:00:00,218.46186352068474
2011-02-20 13:00:00,198.22598735009853
2011-02-20 14:00:00,331.5454220833657
2011-02-20 15:00:00,295.05250967139614
2011-02-20 16:00:00,216.23280929029488
2011-02-20 17:00:00,158.70575456313074
2011-02-20 18:00:00,137.39253195904476
2011-02-20 19:00:00,108.85308222560678
2011-02-20 20:00:00,65.11929489523985
2011-02-20 21:00:00,80.47795710487901
2011-02-20 22:00:00,54.19314509544294
2011-02-20 23:00:00,33.385231203796394
2011-02-21 00:00:00,23.27088962216556
2011-02-21 01:00:00,12.703060357535293
2011-02-21 02:00:00,10.803500222678718
2011-02-21 03:00:00,4.536237639665149
2011-02-21 04:00:00,3.699043363874649
2011-02-21 05:00:00,3.393850758703598
2011-02-21 06:00:00,12.864713581127393
2011-02-21 07:00:00,36.538944277631
2011-02-21 08:00:00,84.01701233902563
2011-02-21 09:00:00,104.66935974971544
2011-02-21 10:00:00,122.00771750800499
2011-02-21 11:00:00,126.18986377910535
2011-02-21 12:00:00,224.22993992009998
2011-02-21 13:00:00,92.7682675810314
2011-02-21 14:00:00,224.3681246299033
2011-02-21 15:00:00,245.44870818347223
2011-02-21 16:00:00,162.79606824697817
2011-02-21 17:00:00,225.0610778228715
2011-02-21 18:00:00,79.86248705972227
2011-02-21 19:00:00,63.80404279418607
2011-02-21 20:00:00,33.254519522876286
2011-02-21 21:00:00,31.329377519906615
2011-02-21 22:00:00,23.234610428931216
2011-02-21 23:00:00,14.89523999450139
2011-02-22 06:00:00,36.59661673482733
2011-02-22 07:00:00,101.26251592371545
2011-02-22 08:00:00,340.3214894290193
2011-02-22 09:00:00,175.76359151375596
2011-02-22 10:00:00,50.414726132384935
2011-02-22 11:00:00,51.53336744163083
2011-02-22 12:00:00,68.89683395637186
2011-02-22 13:00:00,51.03405779968058
2011-02-22 14:00:00,45.40260130111935
2011-02-22 15:00:00,68.29179939364153
2011-02-22 16:00:00,68.55088085876504
2011-02-22 17:00:00,152.34059266406945
2011-02-22 18:00:00,115.2624766329195
2011-02-22 19:00:00,91.6577597467507
2011-02-22 20:00:00,71.1679646040184
2011-02-22 21:00:00,49.74528397668595
2011-02-22 22:00:00,62.12043807635158
2011-02-22 23:00:00,38.518183860292964
2011-02-23 00:00:00,11.356570297648902
2011-02-23 01:00:00,5.212520716155989
2011-02-23 02:00:00,1.2902640672270707
2011-02-23 03:00:00,0.956321045988459
2011-02-23 05:00:00,4.682771979074238
2011-02-23 06:00:00,28.66467261797041
2011-02-23 07:00:00,94.4702084821625
2011-02-23 08:00:00,179.8983325954956
2011-02-23 09:00:00,121.45436704614767
2011-02-23 10:00:00,62.926344809285474
2011-02-23 11:00:00,84.2584944968226
2011-02-23 12:00:00,69.49171936464644
2011-02-23 13:00:00,68.10913176337822
2011-02-23 14:00:00,78.04253732185117
2011-02-23 15:00:00,115.07795408003855
2011-02-23 16:00:00,147.77591248003642
2011-02-23 17:00:00,272.40989828161395
2011-02-23 18:00:00,211.7145519851872
2011-02-23 19:00:00,142.68603104595323
2011-02-23 20:00:00,130.77264653666901
2011-02-23 21:00:00,68.89742530517888
2011-02-23 22:00:00,51.805628329385996
2011-02-23 23:00:00,23.33415295427758
2011-02-24 00:00:00,13.871502548699139
2011-02-24 01:00:00,7.865382365024105
2011-02-24 02:00:00,3.849887008395549
2011-02-24 03:00:00,2.9502449442459273
2011-02-24 05:00:00,14.312394331871648
2011-02-24 06:00:00,65.71267091677848
2011-02-24 07:00:00,214.65659862528165
2011-02-24 08:00:00,464.948998588051
2011-02-24 09:00:00,173.6516162090002
2011-02-24 10:00:00,90.99609323362857
2011-02-24 11:00:00,88.04474859163197
2011-02-24 12:00:00,103.34973726072985
2011-02-24 13:00:00,98.1878608624775
2011-02-24 14:00:00,91.24170959228812
2011-02-24 15:00:00,109.42595680617195
2011-02-24 16:00:00,81.56603714463212
2011-02-24 17:00:00,228.82753933425553
2011-02-24 18:00:00,157.36628397358973
2011-02-24 19:00:00,104.33489773200426
2011-02-24 20:00:00,108.16745486778942
2011-02-24 21:00:00,93.47245534365791
2011-02-24 22:00:00,31.659403379345292
2011-02-24 23:00:00,44.5422730308957
2011-02-25 00:00:00,8.184623833544963
2011-02-25 01:00:00,5.549233901947861
2011-02-25 02:00:00,4.377037487221394
2011-02-25 03:00:00,2.9708567492899496
2011-02-25 05:00:00,12.81621180144169
2011-02-25 06:00:00,47.21879998577145
2011-02-25 07:00:00,99.42521619390152
2011-02-25 08:00:00,348.0630402757495
2011-02-25 09:00:00,90.40931683045184
2011-02-25 10:00:00,41.710601501044856
2011-02-25 11:00:00,187.74479740183574
2011-02-25 12:00:00,261.29822617270486
2011-02-25 13:00:00,259.46377954966425
2011-02-25 14:00:00,245.3008153795636
2011-02-25 15:00:00,150.34200772815697
2011-02-25 16:00:00,136.26932714354967
2011-02-25 17:00:00,235.9041636429344
2011-02-25 18:00:00,157.8986773333105
2011-02-25 19:00:00,129.4370245098101
2011-02-25 20:00:00,73.64886829887891
2011-02-25 21:00:00,74.13619774367513
2011-02-25 22:00:00,73.98596746119605
2011-02-25 23:00:00,56.614567414267185
2011-02-26 00:00:00,50.431207981869335
2011-02-26 01:00:00,24.335739463735315
2011-02-26 02:00:00,18.251495931471066
2011-02-26 03:00:00,9.494637605572997
2011-02-26 04:00:00,3.898224516584406
2011-02-26 05:00:00,3.6914745375457083
2011-02-26 06:00:00,5.105169595936107
2011-02-26 07:00:00,13.784009227002343
2011-02-26 08:00:00,41.136784978034946
2011-02-26 09:00:00,65.26387475246487
2011-02-26 10:00:00,129.68043139590523
2011-02-26 11:00:00,191.7925680863296
2011-02-26 12:00:00,246.91900869654313
2011-02-26 13:00:00,228.16770131246656
2011-02-26 14:00:00,180.20724190183773
2011-02-26 15:00:00,234.088880474704
2011-02-26 16:00:00,177.7757489554911
2011-02-26 17:00:00,250.54456726458884
2011-02-26 18:00:00,132.25334610715058
2011-02-26 19:00:00,90.89335960536631
2011-02-26 20:00:00,94.5335656676457
2011-02-26 21:00:00,59.76420449452981
2011-02-26 22:00:00,77.01600166629221
2011-02-26 23:00:00,52.18493908874835
2011-02-27 00:00:00,33.60253360509582
2011-02-27 01:00:00,36.06993558812834
2011-02-27 02:00:00,32.927603979004715
2011-02-27 03:00:00,13.03344765161847
2011-02-27 04:00:00,7.669076157996709
2011-02-27 06:00:00,3.164272903384261
2011-02-27 07:00:00,13.581915125775884
2011-02-27 08:00:00,32.22538443459852
2011-02-27 09:00:00,88.56911831352532
2011-02-27 10:00:00,122.30221939501149
2011-02-27 11:00:00,180.256486237713
2011-02-27 12:00:00,309.9189956140131
2011-02-27 13:00:00,303.7239681438678
2011-02-27 14:00:00,259.3648208487009
2011-02-27 15:00:00,326.9543867418572
2011-02-27 16:00:00,333.1800113504476
2011-02-27 17:00:00,206.89984993859937
2011-02-27 18:00:00,152.8624704858801
2011-02-27 19:00:00,144.00316541342465
2011-02-27 20:00:00,124.63564369745038
2011-02-27 21:00:00,73.56866618834428
2011-02-27 22:00:00,53.467181771477684
2011-02-27 23:00:00,29.65021525098596
2011-02-28 00:00:00,8.95469531514005
2011-02-28 01:00:00,3.8848000639244735
2011-02-28 03:00:00,1.210061056303356
2011-02-28 05:00:00,8.797271142968045
2011-02-28 06:00:00,78.35056500599747
2011-02-28 07:00:00,165.50298629601596
2011-02-28 08:00:00,257.20203589922545
2011-02-28 09:00:00,152.6349300637182
2011-02-28 10:00:00,142.70644390642775
2011-02-28 11:00:00,165.28429137372808
2011-02-28 12:00:00,205.3606269663117
2011-02-28 13:00:00,86.52533816628691
2011-02-28 14:00:00,25.399791682612783
2011-02-28 15:00:00,24.36965890439416
2011-02-28 16:00:00,118.19372775788453
2011-02-28 17:00:00,105.67128137621717
2011-02-28 18:00:00,312.38412744681494
2011-02-28 19:00:00,85.38742722767034
2011-02-28 20:00:00,73.77441853397343
2011-02-28 21:00:00,71.00746113195846
2011-02-28 22:00:00,36.97913914249762
2011-02-28 23:00:00,19.03753512617495
2011-03-20 00:00:00,59.70686595961221
2011-03-20 01:00:00,32.94180869159517
2011-03-20 02:00:00,33.84358593465294
2011-03-20 03:00:00,14.057697609742556
2011-03-20 04:00:00,1.3851772849389596
2011-03-20 05:00:00,2.1649317049081325
2011-03-20 06:00:00,2.5964224685415283
2011-03-20 07:00:00,9.796562277269576
2011-03-20 08:00:00,36.5829990548822
2011-03-20 09:00:00,117.24189876120737
2011-03-20 10:00:00,156.181041044266
2011-03-20 11:00:00,209.8107033044692
2011-03-20 12:00:00,265.4999080418971
2011-03-20 13:00:00,248.678872506375
2011-03-20 14:00:00,208.8176079343808
2011-03-20 15:00:00,249.4413182249112
2011-03-20 16:00:00,262.6354439232227
2011-03-20 17:00:00,174.01276627576462
2011-03-20 18:00:00,127.11428638008687
2011-03-20 19:00:00,108.15053852083726
2011-03-20 20:00:00,74.31078896256972
2011-03-20 21:00:00,64.63826370721497
2011-03-20 22:00:00,44.82836948885585
2011-03-20 23:00:00,24.39296304931657
2011-03-21 00:00:00,15.820401248605377
2011-03-21 01:00:00,7.7321431564245
2011-03-21 02:00:00,3.8910268546101276
2011-03-21 03:00:00,2.461153289264139
2011-03-21 05:00:00,5.0369508265802825
2011-03-21 06:00:00,26.54408471190976
2011-03-21 07:00:00,105.29309242582043
2011-03-21 08:00:00,330.07683680341455
2011-03-21 09:00:00,104.08976566945209
2011-03-21 10:00:00,60.30826655946538
2011-03-21 11:00:00,98.10189087773372
2011-03-21 12:00:00,149.6433098587772
2011-03-21 13:00:00,171.08147613471817
2011-03-21 14:00:00,157.19903796523502
2011-03-21 15:00:00,195.46355364927757
2011-03-21 16:00:00,234.6389305490044
2011-03-21 17:00:00,506.22303273364275
2011-03-21 18:00:00,466.29580775037203
2011-03-21 19:00:00,422.6121715969103
2011-03-21 20:00:00,271.1940731167293
2011-03-21 21:00:00,110.65751399058952
2011-03-21 22:00:00,90.42009510330233
2011-03-21 23:00:00,56.80301498611388
2011-03-22 00:00:00,28.047519964346467
2011-03-22 01:00:00,6.710134072418419
2011-03-22 02:00:00,4.106840681346207
2011-03-22 03:00:00,3.9367855764029374
2011-03-22 04:00:00,4.800479509686574
2011-03-22 05:00:00,19.11567338293431
2011-03-22 06:00:00,101.42198426759754
2011-03-22 07:00:00,221.27134278595764
2011-03-22 08:00:00,335.2522495199311
2011-03-22 09:00:00,157.0434265585592
2011-03-22 10:00:00,102.99409825365751
2011-03-22 11:00:00,97.96389751536204
2011-03-22 12:00:00,158.41685677157824
2011-03-22 13:00:00,178.66525535447343
2011-03-22 14:00:00,153.3280737864839
2011-03-22 15:00:00,197.55243968049737
2011-03-22 16:00:00,284.2303616123946
2011-03-22 17:00:00,511.7708120411011
2011-03-22 18:00:00,448.35981364743014
2011-03-22 19:00:00,255.07966513472044
2011-03-22 20:00:00,151.76707943409798
2011-03-22 21:00:00,109.94888158225841
2011-03-22 22:00:00,79.25323555653199
2011-03-22 23:00:00,43.565976707605245
2011-03-23 00:00:00,10.971992903416197
2011-03-23 01:00:00,4.159999922554367
2011-03-23 02:00:00,2.3793326218297364
2011-03-23 03:00:00,2.611110077193736
2011-03-23 05:00:00,5.249148721171212
2011-03-23 06:00:00,43.81051460122374
2011-03-23 07:00:00,119.61895248498004
2011-03-23 08:00:00,242.64513752952885
2011-03-23 09:00:00,159.13398085718987
2011-03-23 10:00:00,40.356490521033095
2011-03-23 11:00:00,50.326289927987006
2011-03-23 12:00:00,50.45497248354977
2011-03-23 13:00:00,45.455879844774046
2011-03-23 14:00:00,68.54940993222148
2011-03-23 15:00:00,81.47663063087056
2011-03-23 16:00:00,150.16776197057652
2011-03-23 17:00:00,312.1731275773016
2011-03-23 18:00:00,202.8474509989307
2011-03-23 19:00:00,141.35890072286358
2011-03-23 20:00:00,26.979197828016307
2011-03-23 21:00:00,12.921591101422544
2011-03-23 22:00:00,26.862504515185897
2011-03-23 23:00:00,16.5958331613249
2011-03-24 00:00:00,8.760011769160432
2011-03-24 01:00:00,4.218282150542441
2011-03-24 02:00:00,5.067060025108219
2011-03-24 03:00:00,2.612688530152437
2011-03-24 04:00:00,1.7765354115070928
2011-03-24 05:00:00,14.429931263045244
2011-03-24 06:00:00,73.60807188542952
2011-03-24 07:00:00,67.33188019308997
2011-03-24 08:00:00,152.85955489344457
2011-03-24 09:00:00,229.4679478745562
2011-03-24 10:00:00,89.23253779979284
2011-03-24 11:00:00,57.665626838010695
2011-03-24 12:00:00,93.96770007764319
2011-03-24 13:00:00,88.8473210774362
2011-03-24 14:00:00,67.87450104180867
2011-03-24 15:00:00,78.53590495680379
2011-03-24 16:00:00,139.87866866269945
2011-03-24 17:00:00,256.2975399583289
2011-03-24 18:00:00,213.7679438748803
2011-03-24 19:00:00,162.32214662427063
2011-03-24 20:00:00,96.00270366204164
2011-03-24 21:00:00,82.28683129163667
2011-03-24 22:00:00,72.48855366952291
2011-03-24 23:00:00,41.85410946359383
2011-03-25 00:00:00,37.07139541866321
2011-03-25 01:00:00,6.085073609953884
2011-03-25 02:00:00,2.6900111680764085
2011-03-25 03:00:00,2.310273521990254
2011-03-25 04:00:00,1.2582175169490488
2011-03-25 05:00:00,6.712153349824048
2011-03-25 06:00:00,35.99732374719067
2011-03-25 07:00:00,130.56011881666961
2011-03-25 08:00:00,322.2747534430962
2011-03-25 09:00:00,242.39523381493683
2011-03-25 10:00:00,121.80281297137708
2011-03-25 11:00:00,101.3679785533918
2011-03-25 12:00:00,118.76172319669723
2011-03-25 13:00:00,119.88762112611178
2011-03-25 14:00:00,200.06306098304967
2011-03-25 15:00:00,123.58820226891183
2011-03-25 16:00:00,204.7096856306247
2011-03-25 17:00:00,267.8355142383775
2011-03-25 18:00:00,176.02493948971113
2011-03-25 19:00:00,140.98361590725776
2011-03-25 20:00:00,81.40168252929939
2011-03-25 21:00:00,60.43095446737683
2011-03-25 22:00:00,84.70391118380688
2011-03-25 23:00:00,50.630702582569974
2011-03-26 00:00:00,92.57026056278951
2011-03-26 01:00:00,36.436005624465636
2011-03-26 02:00:00,44.52857571735101
2011-03-26 03:00:00,12.259663903565698
2011-03-26 04:00:00,5.545994721606247
2011-03-26 05:00:00,4.814081376073767
2011-03-26 06:00:00,9.335766307230532
2011-03-26 07:00:00,23.91566883685446
2011-03-26 08:00:00,67.63455070072469
2011-03-26 09:00:00,161.24413737099093
2011-03-26 10:00:00,175.09747305872625
2011-03-26 11:00:00,153.85766292964718
2011-03-26 12:00:00,216.7766641722299
2011-03-26 13:00:00,221.93451786948592
2011-03-26 14:00:00,241.9312657096678
2011-03-26 15:00:00,255.55983099278427
2011-03-26 16:00:00,283.46334084942333
2011-03-26 17:00:00,193.77032479723573
2011-03-26 18:00:00,131.3702053845868
2011-03-26 19:00:00,82.00981161029381
2011-03-26 20:00:00,54.77821402266648
2011-03-26 21:00:00,60.16330336177242
2011-03-26 22:00:00,49.187975573599736
2011-03-26 23:00:00,48.82314946123976
2011-03-27 00:00:00,54.225792493923485
2011-03-27 01:00:00,50.89018599529936
2011-03-27 02:00:00,23.26353385527108
2011-03-27 03:00:00,7.359781254540746
2011-03-27 04:00:00,3.2344137008796974
2011-03-27 06:00:00,6.676936993535417
2011-03-27 07:00:00,12.816966562547952
2011-03-27 08:00:00,32.85859937287683
2011-03-27 09:00:00,69.44057584855423
2011-03-27 10:00:00,87.10302037598045
2011-03-27 11:00:00,167.3320790428383
2011-03-27 12:00:00,215.8938504501712
2011-03-27 13:00:00,224.9926196813555
2011-03-27 14:00:00,211.5255507445239
2011-03-27 15:00:00,246.14830950412798
2011-03-27 16:00:00,164.94188578515306
2011-03-27 17:00:00,178.29895538581027
2011-03-27 18:00:00,135.89420498194653
2011-03-27 19:00:00,104.16772001831644
2011-03-27 20:00:00,62.93615741183954
2011-03-27 21:00:00,47.60363284498966
2011-03-27 22:00:00,37.566356834373366
2011-03-27 23:00:00,26.922864380639545
2011-03-28 00:00:00,10.14090934319669
2011-03-28 01:00:00,6.7112124381649965
2011-03-28 02:00:00,3.551185221856198
2011-03-28 03:00:00,1.655498300221087
2011-03-28 05:00:00,7.1567653295890254
2011-03-28 06:00:00,35.7897490952381
2011-03-28 07:00:00,104.17745599703169
2011-03-28 08:00:00,251.3624697249626
2011-03-28 09:00:00,128.60114034821837
2011-03-28 10:00:00,78.52759175484289
2011-03-28 11:00:00,73.04587200373511
2011-03-28 12:00:00,110.19278328754001
2011-03-28 13:00:00,144.93314730120997
2011-03-28 14:00:00,116.56000004371157
2011-03-28 15:00:00,121.23790406552624
2011-03-28 16:00:00,207.35496368647745
2011-03-28 17:00:00,484.5498843498332
2011-03-28 18:00:00,257.1952905958436
2011-03-28 19:00:00,212.7590597997748
2011-03-28 20:00:00,115.22269142421361
2011-03-28 21:00:00,101.60970472504486
2011-03-28 22:00:00,70.43878627705767
2011-03-28 23:00:00,51.47398410926931
2011-03-29 00:00:00,10.686001686379985
2011-03-29 01:00:00,3.24876908401744
2011-03-29 02:00:00,2.0067204878430918
2011-03-29 03:00:00,1.3569935470271957
2011-03-29 04:00:00,1.9643224065928777
2011-03-29 05:00:00,18.43102378913738
2011-03-29 06:00:00,77.62111901277193
2011-03-29 07:00:00,209.314664544617
2011-03-29 08:00:00,412.92159502796596
2011-03-29 09:00:00,259.3274737530447
2011-03-29 10:00:00,114.6685052262792
2011-03-29 11:00:00,83.70267105917381
2011-03-29 12:00:00,156.30352253254438
2011-03-29 13:00:00,134.87184191376673
2011-03-29 14:00:00,154.4024067675311
2011-03-29 15:00:00,159.09596901919963
2011-03-29 16:00:00,225.66813152333373
2011-03-29 17:00:00,432.44994729681434
2011-03-29 18:00:00,377.46843091485795
2011-03-29 19:00:00,239.23140309518314
2011-03-29 20:00:00,200.4870745828298
2011-03-29 21:00:00,127.8738432143822
2011-03-29 22:00:00,89.96688189705026
2011-03-29 23:00:00,35.882622459059895
2011-03-30 00:00:00,23.36874889427189
2011-03-30 01:00:00,8.135346614340113
2011-03-30 02:00:00,4.28786512833431
2011-03-30 03:00:00,2.599185299414824
2011-03-30 04:00:00,2.4774927639163535
2011-03-30 05:00:00,27.725740201223058
2011-03-30 06:00:00,89.948008074052
2011-03-30 07:00:00,365.53636094394534
2011-03-30 08:00:00,512.8745341087955
2011-03-30 09:00:00,271.8774594511356
2011-03-30 10:00:00,125.09750287823304
2011-03-30 11:00:00,111.73103320635704
2011-03-30 12:00:00,155.76685151656443
2011-03-30 13:00:00,165.6412293723286
2011-03-30 14:00:00,122.33050701359596
2011-03-30 15:00:00,35.1080410807678
2011-03-30 16:00:00,61.85276563577034
2011-03-30 17:00:00,74.85776937807611
2011-03-30 18:00:00,130.64979812117684
2011-03-30 19:00:00,105.31624070076198
2011-03-30 20:00:00,40.10272940555557
2011-03-30 21:00:00,72.19586015550696
2011-03-30 22:00:00,31.73826680306491
2011-03-30 23:00:00,14.89838322833165
2011-03-31 00:00:00,7.920559303880634
2011-03-31 01:00:00,5.415287173951479
2011-03-31 02:00:00,4.211767626702157
2011-03-31 03:00:00,2.3651132254752447
2011-03-31 04:00:00,2.0620705442199467
2011-03-31 05:00:00,10.27457927853012
2011-03-31 06:00:00,60.93643874625847
2011-03-31 07:00:00,173.55848720428983
2011-03-31 08:00:00,349.0974016970963
2011-03-31 09:00:00,137.6828025208604
2011-03-31 10:00:00,61.287843546439625
2011-03-31 11:00:00,49.841967278541624
2011-03-31 12:00:00,51.39873599921252
2011-03-31 13:00:00,57.02944181032934
2011-03-31 14:00:00,43.90270715467607
2011-03-31 15:00:00,42.11031773706813
2011-03-31 16:00:00,141.1073664447083
2011-03-31 17:00:00,260.09925018160885
2011-03-31 18:00:00,187.48473230683928
2011-03-31 19:00:00,149.07774735281873
2011-03-31 20:00:00,72.64267083197701
2011-03-31 21:00:00,75.17139800954351
2011-03-31 22:00:00,36.42114516331771
2011-03-31 23:00:00,15.304961710309588
2011-04-20 00:00:00,21.539579894760717
2011-04-20 01:00:00,7.487856218938777
2011-04-20 02:00:00,5.889054677179869
2011-04-20 03:00:00,2.5256053336925754
2011-04-20 04:00:00,2.3652186746826915
2011-04-20 05:00:00,12.718179260397436
2011-04-20 06:00:00,64.94641379293805
2011-04-20 07:00:00,163.3481555007448
2011-04-20 08:00:00,562.4622541058192
2011-04-20 09:00:00,264.7561626152467
2011-04-20 10:00:00,173.59374617715207
2011-04-20 11:00:00,172.7069226772007
2011-04-20 12:00:00,247.442800739044
2011-04-20 13:00:00,238.80138723762195
2011-04-20 14:00:00,232.60556341381172
2011-04-20 15:00:00,226.1078108633587
2011-04-20 16:00:00,368.10548501917515
2011-04-20 17:00:00,732.1430188755725
2011-04-20 18:00:00,652.2579677739974
2011-04-20 19:00:00,513.5746909828628
2011-04-20 20:00:00,330.76409912948986
2011-04-20 21:00:00,254.25148592099202
2011-04-20 22:00:00,207.5126296334176
2011-04-20 23:00:00,108.57258523874866
2011-04-21 00:00:00,42.507803534893675
2011-04-21 01:00:00,10.651543112549527
2011-04-21 02:00:00,9.9650402666165
2011-04-21 03:00:00,4.09033906541746
2011-04-21 04:00:00,3.710945912501554
2011-04-21 05:00:00,29.403690830729712
2011-04-21 06:00:00,124.8793701146249
2011-04-21 07:00:00,219.774068984971
2011-04-21 08:00:00,450.0974741582758
2011-04-21 09:00:00,222.37699618786291
2011-04-21 10:00:00,172.06887957825677
2011-04-21 11:00:00,133.9327640911512
2011-04-21 12:00:00,215.7998810167195
2011-04-21 13:00:00,247.0548004244603
2011-04-21 14:00:00,212.6897797583544
2011-04-21 15:00:00,207.29278091922887
2011-04-21 16:00:00,273.2255596578287
2011-04-21 17:00:00,606.7488262548017
2011-04-21 18:00:00,537.7086115216777
2011-04-21 19:00:00,366.61670515299454
2011-04-21 20:00:00,312.77523356341436
2011-04-21 21:00:00,213.0505263054879
2011-04-21 22:00:00,205.5460799862756
2011-04-21 23:00:00,99.08501906604722
2011-04-22 00:00:00,45.04986619065504
2011-04-22 01:00:00,19.085662831259587
2011-04-22 02:00:00,10.149931678251804
2011-04-22 03:00:00,5.583673895113154
2011-04-22 04:00:00,3.7747893639358416
2011-04-22 05:00:00,21.451206225178975
2011-04-22 06:00:00,90.17208963441675
2011-04-22 07:00:00,332.5513108596503
2011-04-22 08:00:00,488.6861609015802
2011-04-22 09:00:00,159.1352708393368
2011-04-22 10:00:00,113.93375247019821
2011-04-22 11:00:00,58.14154776097828
2011-04-22 12:00:00,57.79310667199741
2011-04-22 13:00:00,45.783906719694535
2011-04-22 14:00:00,19.960281486651596
2011-04-22 15:00:00,37.953106073809955
2011-04-22 16:00:00,74.5004970799169
2011-04-22 17:00:00,104.85219072240805
2011-04-22 18:00:00,82.29232471362806
2011-04-22 19:00:00,60.287593660541305
2011-04-22 20:00:00,34.70312360962679
2011-04-22 21:00:00,35.614902444187486
2011-04-22 22:00:00,19.667043215501185
2011-04-22 23:00:00,30.68630434423263
2011-04-23 00:00:00,21.77187193236601
2011-04-23 01:00:00,19.190796565378747
2011-04-23 02:00:00,26.94941324043325
2011-04-23 03:00:00,11.167669979030176
2011-04-23 04:00:00,5.321746649677305
2011-04-23 05:00:00,4.753603013600812
2011-04-23 06:00:00,10.653107575306652
2011-04-23 07:00:00,17.287359780733414
2011-04-23 08:00:00,49.47048590495756
2011-04-23 09:00:00,42.211611261547084
2011-04-23 10:00:00,156.6979920631717
2011-04-23 11:00:00,188.03355410342928
2011-04-23 12:00:00,212.06666695065573
2011-04-23 13:00:00,233.25865861888641
2011-04-23 14:00:00,347.0707985435161
2011-04-23 15:00:00,407.4062824568257
2011-04-23 16:00:00,483.29528496025256
2011-04-23 17:00:00,446.05527813764263
2011-04-23 18:00:00,350.7011127169075
2011-04-23 19:00:00,243.5483661515866
2011-04-23 20:00:00,187.29789072362703
2011-04-23 21:00:00,186.41713287471964
2011-04-23 22:00:00,182.77523946362012
2011-04-23 23:00:00,148.59231248582773
2011-04-24 00:00:00,133.1571536314831
2011-04-24 01:00:00,63.086057021236435
2011-04-24 02:00:00,56.19879852502198
2011-04-24 03:00:00,29.858721777881602
2011-04-24 04:00:00,8.439327473706843
2011-04-24 05:00:00,10.092204423722707
2011-04-24 06:00:00,11.676167638412227
2011-04-24 07:00:00,19.706000352963724
2011-04-24 08:00:00,79.24632012582609
2011-04-24 09:00:00,173.6664386757996
2011-04-24 10:00:00,323.54612913229903
2011-04-24 11:00:00,424.695739258589
2011-04-24 12:00:00,483.52141238516054
2011-04-24 13:00:00,499.7309448516751
2011-04-24 14:00:00,544.6647248509462
2011-04-24 15:00:00,470.75302407189844
2011-04-24 16:00:00,425.21002257240104
2011-04-24 17:00:00,524.3777263571308
2011-04-24 18:00:00,354.25282488682143
2011-04-24 19:00:00,104.77077654820557
2011-04-24 20:00:00,69.75082953876678
2011-04-24 21:00:00,85.79118118364636
2011-04-24 22:00:00,38.76432120590154
2011-04-24 23:00:00,61.0247480484846
2011-04-25 00:00:00,16.00252183550877
2011-04-25 01:00:00,10.553506634404307
2011-04-25 02:00:00,9.036987641750823
2011-04-25 03:00:00,3.9893235997447136
2011-04-25 04:00:00,4.64364811039658
2011-04-25 05:00:00,11.79108582259059
2011-04-25 06:00:00,55.56620895971786
2011-04-25 07:00:00,178.19662120535355
2011-04-25 08:00:00,517.4247861942794
2011-04-25 09:00:00,250.2699392811145
2011-04-25 10:00:00,141.8409938888167
2011-04-25 11:00:00,160.88278861061846
2011-04-25 12:00:00,189.41951195119253
2011-04-25 13:00:00,191.82540281915269
2011-04-25 14:00:00,206.59354792706716
2011-04-25 15:00:00,186.25435637475974
2011-04-25 16:00:00,338.2135632286402
2011-04-25 17:00:00,642.7892915403543
2011-04-25 18:00:00,526.1828847034079
2011-04-25 19:00:00,394.236930874501
2011-04-25 20:00:00,243.53872731073196
2011-04-25 21:00:00,186.35180971979278
2011-04-25 22:00:00,119.48766431818083
2011-04-25 23:00:00,55.520548569056075
2011-04-26 00:00:00,27.457555671154804
2011-04-26 01:00:00,10.54203921578113
2011-04-26 02:00:00,5.623877967590011
2011-04-26 03:00:00,3.702747520218284
2011-04-26 04:00:00,5.63725529314366
2011-04-26 05:00:00,22.69914115771434
2011-04-26 06:00:00,105.33462234779569
2011-04-26 07:00:00,416.64266946504614
2011-04-26 08:00:00,607.310077906439
2011-04-26 09:00:00,217.0403072758496
2011-04-26 10:00:00,137.5692053189123
2011-04-26 11:00:00,161.03621479028362
2011-04-26 12:00:00,214.16799506997876
2011-04-26 13:00:00,162.7882280871034
2011-04-26 14:00:00,185.3441230816541
2011-04-26 15:00:00,181.16764830470527
2011-04-26 16:00:00,296.82447878456946
2011-04-26 17:00:00,568.9927991524078
2011-04-26 18:00:00,515.3438888007162
2011-04-26 19:00:00,365.3387566779722
2011-04-26 20:00:00,277.890410609112
2011-04-26 21:00:00,247.50121264373357
2011-04-26 22:00:00,143.08897567508015
2011-04-26 23:00:00,71.99681043655272
2011-04-27 00:00:00,50.48079418728778
2011-04-27 01:00:00,16.142006914183114
2011-04-27 02:00:00,5.603339079540399
2011-04-27 03:00:00,4.029216631607318
2011-04-27 04:00:00,5.800529654098345
2011-04-27 05:00:00,19.9093264493016
2011-04-27 06:00:00,90.586070081795
2011-04-27 07:00:00,369.273003265007
2011-04-27 08:00:00,354.3574023631997
2011-04-27 09:00:00,181.91115174523523
2011-04-27 10:00:00,126.76581692320961
2011-04-27 11:00:00,157.7996994452362
2011-04-27 12:00:00,187.31271686899655
2011-04-27 13:00:00,179.32100308935512
2011-04-27 14:00:00,158.2820014710003
2011-04-27 15:00:00,224.07250033838326
2011-04-27 16:00:00,270.6209071824471
2011-04-27 17:00:00,257.67022376951894
2011-04-27 18:00:00,203.88369434590686
2011-04-27 19:00:00,434.54078149024775
2011-04-27 20:00:00,263.3933264371697
2011-04-27 21:00:00,150.3729087140012
2011-04-27 22:00:00,96.53441327491304
2011-04-27 23:00:00,45.67340931095184
2011-04-28 00:00:00,42.413827611815876
2011-04-28 01:00:00,13.340561176769567
2011-04-28 02:00:00,6.7978737761423025
2011-04-28 03:00:00,4.303524723509227
2011-04-28 04:00:00,4.840004937955681
2011-04-28 05:00:00,23.081840715614074
2011-04-28 06:00:00,165.9785175976818
2011-04-28 07:00:00,376.4544661430883
2011-04-28 08:00:00,610.6876335317139
2011-04-28 09:00:00,140.3889801873038
2011-04-28 10:00:00,131.57501692603924
2011-04-28 11:00:00,136.2179390169433
2011-04-28 12:00:00,184.1974327339136
2011-04-28 13:00:00,135.86278090358525
2011-04-28 14:00:00,132.79997027561544
2011-04-28 15:00:00,222.64023118760258
2011-04-28 16:00:00,326.7500604692779
2011-04-28 17:00:00,704.6391670853751
2011-04-28 18:00:00,741.3704854054677
2011-04-28 19:00:00,522.9693796760777
2011-04-28 20:00:00,356.74366476824684
2011-04-28 21:00:00,295.6920842355686
2011-04-28 22:00:00,190.96906182192316
2011-04-28 23:00:00,142.40517479865608
2011-04-29 00:00:00,82.3767340567151
2011-04-29 01:00:00,43.05216620959008
2011-04-29 02:00:00,26.08557761513499
2011-04-29 03:00:00,8.070907228433937
2011-04-29 04:00:00,5.242209394406239
2011-04-29 05:00:00,30.816750385924877
2011-04-29 06:00:00,118.19575670510449
2011-04-29 07:00:00,441.813367105657
2011-04-29 08:00:00,668.8424135659207
2011-04-29 09:00:00,299.07448427522695
2011-04-29 10:00:00,180.6740129598911
2011-04-29 11:00:00,221.12441560357448
2011-04-29 12:00:00,288.16361958757346
2011-04-29 13:00:00,282.4764597111688
2011-04-29 14:00:00,251.6246180275824
2011-04-29 15:00:00,232.44058046716225
2011-04-29 16:00:00,336.01389059075075
2011-04-29 17:00:00,409.96128832094837
2011-04-29 18:00:00,410.16464290635673
2011-04-29 19:00:00,270.8104073086225
2011-04-29 20:00:00,226.46658541866287
2011-04-29 21:00:00,171.78891081711865
2011-04-29 22:00:00,168.19555419339451
2011-04-29 23:00:00,132.00794247804788
2011-04-30 00:00:00,66.8549360725008
2011-04-30 01:00:00,69.96485135206038
2011-04-30 02:00:00,39.5421036058144
2011-04-30 03:00:00,16.0365561015167
2011-04-30 04:00:00,5.772131289631307
2011-04-30 05:00:00,7.751252347396646
2011-04-30 06:00:00,15.465569462197838
2011-04-30 07:00:00,39.050724945489804
2011-04-30 08:00:00,151.47232096021673
2011-04-30 09:00:00,142.8544563875555
2011-04-30 10:00:00,240.2418347843977
2011-04-30 11:00:00,344.9455746970307
2011-04-30 12:00:00,448.4177557329261
2011-04-30 13:00:00,433.86767926862626
2011-04-30 14:00:00,430.2454458829579
2011-04-30 15:00:00,471.3233049831778
2011-04-30 16:00:00,415.21588100534206
2011-04-30 17:00:00,452.22058217911285
2011-04-30 18:00:00,305.6581811406329
2011-04-30 19:00:00,256.3997297165754
2011-04-30 20:00:00,142.502854349271
2011-04-30 21:00:00,138.06720700400618
2011-04-30 22:00:00,127.98944305991054
2011-04-30 23:00:00,111.42170674858788
2011-05-20 00:00:00,23.044163986182184
2011-05-20 01:00:00,13.713189888046083
2011-05-20 02:00:00,11.49196671623684
2011-05-20 03:00:00,4.85076936965397
2011-05-20 04:00:00,3.943667319239482
2011-05-20 05:00:00,26.283112442359222
2011-05-20 06:00:00,106.29099946139357
2011-05-20 07:00:00,417.3632745496991
2011-05-20 08:00:00,650.1557517153421
2011-05-20 09:00:00,269.98418939988983
2011-05-20 10:00:00,195.57244657560258
2011-05-20 11:00:00,218.5179145649869
2011-05-20 12:00:00,308.6149205359739
2011-05-20 13:00:00,224.33881209068664
2011-05-20 14:00:00,289.6314180310472
2011-05-20 15:00:00,284.4131169354925
2011-05-20 16:00:00,444.29190943174797
2011-05-20 17:00:00,741.4433126593233
2011-05-20 18:00:00,577.0314694580862
2011-05-20 19:00:00,405.6902599874274
2011-05-20 20:00:00,284.81360955421957
2011-05-20 21:00:00,257.1337325475035
2011-05-20 22:00:00,233.62231844029725
2011-05-20 23:00:00,165.97416469490577
2011-05-21 00:00:00,138.33858425340543
2011-05-21 01:00:00,146.35341974074115
2011-05-21 02:00:00,94.52941866386254
2011-05-21 03:00:00,27.45538235522262
2011-05-21 04:00:00,6.991638281580653
2011-05-21 05:00:00,9.052690963030248
2011-05-21 06:00:00,40.94725615902301
2011-05-21 07:00:00,102.29838896727867
2011-05-21 08:00:00,222.27840306859173
2011-05-21 09:00:00,328.8414167970266
2011-05-21 10:00:00,478.0575583195969
2011-05-21 11:00:00,595.6761071043705
2011-05-21 12:00:00,603.8697080238568
2011-05-21 13:00:00,676.8426940650352
2011-05-21 14:00:00,650.0193579188647
2011-05-21 15:00:00,557.0469230910328
2011-05-21 16:00:00,509.8555863064735
2011-05-21 17:00:00,489.34699653637773
2011-05-21 18:00:00,493.4032776577909
2011-05-21 19:00:00,456.96273320553667
2011-05-21 20:00:00,336.24725760288266
2011-05-21 21:00:00,307.98028828791985
2011-05-21 22:00:00,213.73390113121405
2011-05-21 23:00:00,189.5934621283555
2011-05-22 00:00:00,151.82882204989207
2011-05-22 01:00:00,86.81545811315782
2011-05-22 02:00:00,90.22615357086967
2011-05-22 03:00:00,33.158659731123514
2011-05-22 04:00:00,8.309262395753167
2011-05-22 05:00:00,9.154884110595757
2011-05-22 06:00:00,22.198150276724114
2011-05-22 07:00:00,52.15006377485436
2011-05-22 08:00:00,136.08822317591026
2011-05-22 09:00:00,226.85048268528374
2011-05-22 10:00:00,357.6441637423121
2011-05-22 11:00:00,444.84201315210413
2011-05-22 12:00:00,425.2921466572236
2011-05-22 13:00:00,636.3853957601906
2011-05-22 14:00:00,249.7058684559135
2011-05-22 15:00:00,469.06711881320143
2011-05-22 16:00:00,440.48370774191284
2011-05-22 17:00:00,423.4761516586665
2011-05-22 18:00:00,422.1267941222829
2011-05-22 19:00:00,357.1853699018234
2011-05-22 20:00:00,296.6379917034333
2011-05-22 21:00:00,217.00998597922523
2011-05-22 22:00:00,135.44000906827347
2011-05-22 23:00:00,91.27330145990204
2011-05-23 00:00:00,24.360829031684386
2011-05-23 01:00:00,15.28046743556522
2011-05-23 02:00:00,7.334299722717316
2011-05-23 03:00:00,3.634451055282102
2011-05-23 04:00:00,3.859685943158748
2011-05-23 05:00:00,16.470641209564224
2011-05-23 06:00:00,67.502194635849
2011-05-23 07:00:00,253.6893282193691
2011-05-23 08:00:00,360.1645163418721
2011-05-23 09:00:00,160.903349515336
2011-05-23 10:00:00,130.84699751535683
2011-05-23 11:00:00,139.34429633211047
2011-05-23 12:00:00,167.93125623303578
2011-05-23 13:00:00,184.3412701443585
2011-05-23 14:00:00,162.36472288417121
2011-05-23 15:00:00,179.08985598142652
2011-05-23 16:00:00,367.2253963889582
2011-05-23 17:00:00,477.394212241478
2011-05-23 18:00:00,426.1746112261429
2011-05-23 19:00:00,335.30101058826864
2011-05-23 20:00:00,229.06705956415632
2011-05-23 21:00:00,168.335083122332
2011-05-23 22:00:00,51.5730804567921
2011-05-23 23:00:00,57.63395886177765
2011-05-24 00:00:00,23.80173693015982
2011-05-24 01:00:00,12.290586532078605
2011-05-24 02:00:00,8.942581181254281
2011-05-24 03:00:00,3.609160799500057
2011-05-24 04:00:00,5.050210602816598
2011-05-24 05:00:00,20.357816221899615
2011-05-24 06:00:00,82.4433803701041
2011-05-24 07:00:00,272.60234095929553
2011-05-24 08:00:00,318.4742737058389
2011-05-24 09:00:00,301.16758599971223
2011-05-24 10:00:00,127.7370275829594
2011-05-24 11:00:00,160.3720660768208
2011-05-24 12:00:00,186.60060444235728
2011-05-24 13:00:00,195.97273829689934
2011-05-24 14:00:00,170.15522703018885
2011-05-24 15:00:00,168.7308696591461
2011-05-24 16:00:00,340.97967525925213
2011-05-24 17:00:00,649.7869344443425
2011-05-24 18:00:00,594.5971634381232
2011-05-24 19:00:00,458.4291296960391
2011-05-24 20:00:00,302.71432394997066
2011-05-24 21:00:00,217.69287754158046
2011-05-24 22:00:00,75.50948877402142
2011-05-24 23:00:00,99.82801624282558
2011-05-25 00:00:00,29.12069220094633
2011-05-25 01:00:00,12.38721610883136
2011-05-25 02:00:00,8.646798447738021
2011-05-25 03:00:00,5.536968998873884
2011-05-25 04:00:00,6.595551028859429
2011-05-25 05:00:00,33.27732176088783
2011-05-25 06:00:00,105.27135475365723
2011-05-25 07:00:00,515.5004458447742
2011-05-25 08:00:00,579.3708469255711
2011-05-25 09:00:00,295.15424752378493
2011-05-25 10:00:00,153.18184540109195
2011-05-25 11:00:00,133.42269715150343
2011-05-25 12:00:00,203.09395975129857
2011-05-25 13:00:00,188.48832775023826
2011-05-25 14:00:00,172.62845802319754
2011-05-25 15:00:00,181.07316506247085
2011-05-25 16:00:00,285.441333727218
2011-05-25 17:00:00,612.3044660840402
2011-05-25 18:00:00,660.8232488147765
2011-05-25 19:00:00,470.3879488922715
2011-05-25 20:00:00,378.6548120112809
2011-05-25 21:00:00,229.8235060441495
2011-05-25 22:00:00,165.71430558827993
2011-05-25 23:00:00,136.34556798437765
2011-05-26 00:00:00,48.173394192651344
2011-05-26 01:00:00,17.672845420189223
2011-05-26 02:00:00,8.870121327649372
2011-05-26 03:00:00,4.279652634767674
2011-05-26 04:00:00,6.156856110544457
2011-05-26 05:00:00,21.68654678229153
2011-05-26 06:00:00,85.83418671159154
2011-05-26 07:00:00,289.2611138158306
2011-05-26 08:00:00,542.8367985681119
2011-05-26 09:00:00,263.5085229007891
2011-05-26 10:00:00,150.04021504435184
2011-05-26 11:00:00,156.49518545896373
2011-05-26 12:00:00,191.22183257637468
2011-05-26 13:00:00,149.16022970139488
2011-05-26 14:00:00,141.91899855014807
2011-05-26 15:00:00,166.49915500706868
2011-05-26 16:00:00,295.9018210835302
2011-05-26 17:00:00,610.0130081828081
2011-05-26 18:00:00,538.7857975164891
2011-05-26 19:00:00,383.78217903017327
2011-05-26 20:00:00,357.7113620370299
2011-05-26 21:00:00,252.89544704100456
2011-05-26 22:00:00,236.1272199909543
2011-05-26 23:00:00,135.62632940431538
2011-05-27 00:00:00,62.87010941577084
2011-05-27 01:00:00,26.0757654271832
2011-05-27 02:00:00,15.869439837461082
2011-05-27 03:00:00,7.198844908126629
2011-05-27 04:00:00,5.122435031578181
2011-05-27 05:00:00,33.25966551444046
2011-05-27 06:00:00,104.41497741450574
2011-05-27 07:00:00,404.30946060039645
2011-05-27 08:00:00,547.3933646827974
2011-05-27 09:00:00,291.02994081449594
2011-05-27 10:00:00,187.61190177124212
2011-05-27 11:00:00,177.0039023724146
2011-05-27 12:00:00,265.8694578385676
2011-05-27 13:00:00,242.19489563330018
2011-05-27 14:00:00,226.16873545230663
2011-05-27 15:00:00,216.82039289444876
2011-05-27 16:00:00,374.3316945571233
2011-05-27 17:00:00,554.6754771423256
2011-05-27 18:00:00,543.7346962750701
2011-05-27 19:00:00,202.34162955068274
2011-05-27 20:00:00,250.0924273100576
2011-05-27 21:00:00,193.24778703280035
2011-05-27 22:00:00,228.56821454850083
2011-05-27 23:00:00,125.3973102745468
2011-05-28 00:00:00,144.74749993917328
2011-05-28 01:00:00,85.61251585751407
2011-05-28 02:00:00,75.75855421153601
2011-05-28 03:00:00,26.450901761305936
2011-05-28 04:00:00,9.665010982661068
2011-05-28 05:00:00,12.75138321717535
2011-05-28 06:00:00,37.87943056303014
2011-05-28 07:00:00,81.65293306969
2011-05-28 08:00:00,191.66877957536377
2011-05-28 09:00:00,249.6078938643923
2011-05-28 10:00:00,301.91455381946315
2011-05-28 11:00:00,397.6777310603045
2011-05-28 12:00:00,471.2107214544208
2011-05-28 13:00:00,458.5983542597629
2011-05-28 14:00:00,362.89448248091867
2011-05-28 15:00:00,436.55595171260427
2011-05-28 16:00:00,524.7444172311995
2011-05-28 17:00:00,556.1259814765057
2011-05-28 18:00:00,403.99861025335133
2011-05-28 19:00:00,344.9792953329797
2011-05-28 20:00:00,296.6992450180685
2011-05-28 21:00:00,238.73979185100853
2011-05-28 22:00:00,219.65808993609176
2011-05-28 23:00:00,175.90470138685694
2011-05-29 00:00:00,123.0052173937718
2011-05-29 01:00:00,114.89049462264964
2011-05-29 02:00:00,55.21260993815632
2011-05-29 03:00:00,28.337832521484337
2011-05-29 04:00:00,9.331649447962912
2011-05-29 05:00:00,12.25331693954003
2011-05-29 06:00:00,17.373787196191568
2011-05-29 07:00:00,27.89127253469078
2011-05-29 08:00:00,68.52110891550086
2011-05-29 09:00:00,64.69756145348165
2011-05-29 10:00:00,259.2173187897408
2011-05-29 11:00:00,274.6065316696008
2011-05-29 12:00:00,372.36859290796025
2011-05-29 13:00:00,478.42744533746554
2011-05-29 14:00:00,358.47000820044354
2011-05-29 15:00:00,395.58917805221665
2011-05-29 16:00:00,362.6365691888748
2011-05-29 17:00:00,336.65443464261966
2011-05-29 18:00:00,345.1026916067568
2011-05-29 19:00:00,297.0450752703422
2011-05-29 20:00:00,179.50656353576807
2011-05-29 21:00:00,171.47112785494548
2011-05-29 22:00:00,120.35363417657362
2011-05-29 23:00:00,109.29157574784406
2011-05-30 00:00:00,56.47282753943548
2011-05-30 01:00:00,63.504704322215574
2011-05-30 02:00:00,32.3209734545947
2011-05-30 03:00:00,12.678222519764075
2011-05-30 04:00:00,6.563725143747429
2011-05-30 05:00:00,9.58964179750182
2011-05-30 06:00:00,24.126337145912157
2011-05-30 07:00:00,61.15702916915803
2011-05-30 08:00:00,142.65473699745945
2011-05-30 09:00:00,205.97297292416133
2011-05-30 10:00:00,192.88423805863857
2011-05-30 11:00:00,221.99315356411938
2011-05-30 12:00:00,259.3978441182014
2011-05-30 13:00:00,275.4373071855036
2011-05-30 14:00:00,217.75963378113462
2011-05-30 15:00:00,244.89258432398861
2011-05-30 16:00:00,312.5566665429445
2011-05-30 17:00:00,435.3811885580325
2011-05-30 18:00:00,422.5605863456351
2011-05-30 19:00:00,189.28037647083622
2011-05-30 20:00:00,318.33474460197334
2011-05-30 21:00:00,294.6183724807961
2011-05-30 22:00:00,169.40539930926803
2011-05-30 23:00:00,81.6787901042019
2011-05-31 00:00:00,25.62634979289893
2011-05-31 01:00:00,12.07082711434505
2011-05-31 02:00:00,11.475467943442528
2011-05-31 03:00:00,4.732190321828384
2011-05-31 04:00:00,5.6687089335355605
2011-05-31 05:00:00,30.812606795307957
2011-05-31 06:00:00,139.792452988099
2011-05-31 07:00:00,318.12958547558156
2011-05-31 08:00:00,399.15101480001175
2011-05-31 09:00:00,184.92162364081707
2011-05-31 10:00:00,104.95428513030414
2011-05-31 11:00:00,137.3587309634677
2011-05-31 12:00:00,139.2460595044498
2011-05-31 13:00:00,129.5916646504868
2011-05-31 14:00:00,123.02058555981078
2011-05-31 15:00:00,129.20386998472384
2011-05-31 16:00:00,194.87102188870992
2011-05-31 17:00:00,482.22716440021253
2011-05-31 18:00:00,412.8749332273458
2011-05-31 19:00:00,376.8704351081367
2011-05-31 20:00:00,313.6647909913917
2011-05-31 21:00:00,263.76245950197654
2011-05-31 22:00:00,178.0397492824408
2011-05-31 23:00:00,134.36434917937166
2011-06-20 00:00:00,39.63605710105047
2011-06-20 01:00:00,13.289599985676038
2011-06-20 02:00:00,7.805187599411187
2011-06-20 03:00:00,3.7922541530154374
2011-06-20 04:00:00,5.224362131308338
2011-06-20 05:00:00,24.54224849856098
2011-06-20 06:00:00,147.54968163261148
2011-06-20 07:00:00,158.73814753932612
2011-06-20 08:00:00,341.957601150807
2011-06-20 09:00:00,256.25819065390726
2011-06-20 10:00:00,138.74076251193574
2011-06-20 11:00:00,186.9581045663799
2011-06-20 12:00:00,241.26849865675158
2011-06-20 13:00:00,226.74936558668787
2011-06-20 14:00:00,219.04109012947632
2011-06-20 15:00:00,216.92525369544782
2011-06-20 16:00:00,310.18038239842184
2011-06-20 17:00:00,628.6363633759463
2011-06-20 18:00:00,506.98928831971034
2011-06-20 19:00:00,386.0386081430666
2011-06-20 20:00:00,241.93414977228866
2011-06-20 21:00:00,225.68147517968646
2011-06-20 22:00:00,124.7440333426971
2011-06-20 23:00:00,75.13674435280114
2011-06-21 00:00:00,22.68425791053424
2011-06-21 01:00:00,13.602836919302547
2011-06-21 02:00:00,5.949046888822534
2011-06-21 03:00:00,4.132676604616779
2011-06-21 04:00:00,6.534363586149635
2011-06-21 05:00:00,27.75912924349897
2011-06-21 06:00:00,117.56474829243466
2011-06-21 07:00:00,167.57074184891772
2011-06-21 08:00:00,618.8194375987524
2011-06-21 09:00:00,296.8602897907024
2011-06-21 10:00:00,139.46055630253568
2011-06-21 11:00:00,144.98837632003438
2011-06-21 12:00:00,183.6056937097905
2011-06-21 13:00:00,207.7650058470924
2011-06-21 14:00:00,221.12894958458833
2011-06-21 15:00:00,226.17952027514355
2011-06-21 16:00:00,358.8135747630894
2011-06-21 17:00:00,788.3073245202497
2011-06-21 18:00:00,769.3507006039615
2011-06-21 19:00:00,537.9140267044457
2011-06-21 20:00:00,348.0859448052987
2011-06-21 21:00:00,291.3583261927379
2011-06-21 22:00:00,151.3623582116634
2011-06-21 23:00:00,101.69448136518872
2011-06-22 00:00:00,41.62921498737745
2011-06-22 01:00:00,15.409796929012764
2011-06-22 02:00:00,7.656913819041315
2011-06-22 03:00:00,6.989642410094638
2011-06-22 04:00:00,6.023004543205317
2011-06-22 05:00:00,25.932579609719113
2011-06-22 06:00:00,171.56158247359733
2011-06-22 07:00:00,378.0581815926713
2011-06-22 08:00:00,568.1975828669879
2011-06-22 09:00:00,283.0312749037032
2011-06-22 10:00:00,150.62939512355678
2011-06-22 11:00:00,199.30580143383608
2011-06-22 12:00:00,243.23674881170396
2011-06-22 13:00:00,233.7448903659135
2011-06-22 14:00:00,217.731807541998
2011-06-22 15:00:00,227.06746872712966
2011-06-22 16:00:00,303.61594650987223
2011-06-22 17:00:00,862.0436901253897
2011-06-22 18:00:00,789.8119596408978
2011-06-22 19:00:00,616.4500978404587
2011-06-22 20:00:00,437.55587606722827
2011-06-22 21:00:00,260.00624807219265
2011-06-22 22:00:00,185.79877091726925
2011-06-22 23:00:00,99.69748257367763
2011-06-23 00:00:00,58.10496352916364
2011-06-23 01:00:00,21.984905660230755
2011-06-23 02:00:00,11.370536646004513
2011-06-23 03:00:00,4.106490651168423
2011-06-23 04:00:00,6.301226247851911
2011-06-23 05:00:00,35.89467859712679
2011-06-23 06:00:00,154.16632543712703
2011-06-23 07:00:00,331.57340575657054
2011-06-23 08:00:00,471.72959324498885
2011-06-23 09:00:00,270.0458621812578
2011-06-23 10:00:00,172.7029697746841
2011-06-23 11:00:00,175.59856213300893
2011-06-23 12:00:00,207.04482863064328
2011-06-23 13:00:00,175.6775390879149
2011-06-23 14:00:00,164.61141362274049
2011-06-23 15:00:00,159.07647345626145
2011-06-23 16:00:00,278.8631311851668
2011-06-23 17:00:00,495.9765580614955
2011-06-23 18:00:00,500.63321053715
2011-06-23 19:00:00,448.63013150144
2011-06-23 20:00:00,332.04220647582036
2011-06-23 21:00:00,239.26380242488364
2011-06-23 22:00:00,199.64270483265676
2011-06-23 23:00:00,104.48709669610643
2011-06-24 00:00:00,62.87616542589752
2011-06-24 01:00:00,30.156879662102842
2011-06-24 02:00:00,13.68261515856042
2011-06-24 03:00:00,7.676991944595715
2011-06-24 04:00:00,6.067097304601877
2011-06-24 05:00:00,25.76899363957327
2011-06-24 06:00:00,116.21951416067192
2011-06-24 07:00:00,343.1251289728453
2011-06-24 08:00:00,540.582811761202
2011-06-24 09:00:00,285.02799792811453
2011-06-24 10:00:00,169.92001324627512
2011-06-24 11:00:00,212.24086928227993
2011-06-24 12:00:00,242.90085838471853
2011-06-24 13:00:00,301.521212480494
2011-06-24 14:00:00,209.64039490979758
2011-06-24 15:00:00,339.05758752261846
2011-06-24 16:00:00,382.9571807955387
2011-06-24 17:00:00,659.3703233547235
2011-06-24 18:00:00,578.9742653911151
2011-06-24 19:00:00,421.578847706092
2011-06-24 20:00:00,342.0570810533613
2011-06-24 21:00:00,254.61047809268862
2011-06-24 22:00:00,247.93637222999968
2011-06-24 23:00:00,153.75843202934928
2011-06-25 00:00:00,118.30074586632402
2011-06-25 01:00:00,84.16481231873601
2011-06-25 02:00:00,74.28733526025852
2011-06-25 03:00:00,30.496308347597946
2011-06-25 04:00:00,8.858955863436776
2011-06-25 05:00:00,11.087876650705633
2011-06-25 06:00:00,31.090847718484394
2011-06-25 07:00:00,73.37527770196589
2011-06-25 08:00:00,142.93015588306343
2011-06-25 09:00:00,221.68057353971628
2011-06-25 10:00:00,360.40950061306154
2011-06-25 11:00:00,449.4555650860033
2011-06-25 12:00:00,525.7124001074623
2011-06-25 13:00:00,539.0975232358506
2011-06-25 14:00:00,477.41060255239927
2011-06-25 15:00:00,521.0765943917697
2011-06-25 16:00:00,574.393600543225
2011-06-25 17:00:00,526.5947785616662
2011-06-25 18:00:00,482.4946632407334
2011-06-25 19:00:00,376.76352530774085
2011-06-25 20:00:00,320.96138497143903
2011-06-25 21:00:00,275.99198309622597
2011-06-25 22:00:00,247.67003561354497
2011-06-25 23:00:00,185.24507673615693
2011-06-26 00:00:00,142.99982666428963
2011-06-26 01:00:00,118.6637936901757
2011-06-26 02:00:00,83.97631876482043
2011-06-26 03:00:00,50.799401788838445
2011-06-26 04:00:00,12.458050003371442
2011-06-26 05:00:00,10.63099533807317
2011-06-26 06:00:00,19.62574382759541
2011-06-26 07:00:00,42.26877337831755
2011-06-26 08:00:00,100.77984689824432
2011-06-26 09:00:00,235.4271355872477
2011-06-26 10:00:00,442.8914301121785
2011-06-26 11:00:00,458.0196636858224
2011-06-26 12:00:00,559.2759440650149
2011-06-26 13:00:00,581.9488742123938
2011-06-26 14:00:00,523.8953657735823
2011-06-26 15:00:00,532.8242148403058
2011-06-26 16:00:00,480.53636924134054
2011-06-26 17:00:00,534.9042735202571
2011-06-26 18:00:00,538.5741427152801
2011-06-26 19:00:00,395.5997415639449
2011-06-26 20:00:00,276.9445882749925
2011-06-26 21:00:00,257.44473915716674
2011-06-26 22:00:00,164.06608723969532
2011-06-26 23:00:00,116.65441333666467
2011-06-27 00:00:00,28.37033527294193
2011-06-27 01:00:00,11.17415524367591
2011-06-27 02:00:00,10.833345434460613
2011-06-27 03:00:00,6.627377959336699
2011-06-27 04:00:00,6.204336480141307
2011-06-27 05:00:00,27.149262396952096
2011-06-27 06:00:00,126.43898081081043
2011-06-27 07:00:00,360.9471250662139
2011-06-27 08:00:00,399.78607981018354
2011-06-27 09:00:00,297.3859199937893
2011-06-27 10:00:00,198.0274970877876
2011-06-27 11:00:00,189.34230215748724
2011-06-27 12:00:00,249.94340502366342
2011-06-27 13:00:00,229.2262595980978
2011-06-27 14:00:00,212.59690079841334
2011-06-27 15:00:00,233.18437121833156
2011-06-27 16:00:00,379.64881505772826
2011-06-27 17:00:00,655.6813067995573
2011-06-27 18:00:00,609.4149678057859
2011-06-27 19:00:00,473.71637066015654
2011-06-27 20:00:00,316.6296733791957
2011-06-27 21:00:00,210.30500941235462
2011-06-27 22:00:00,123.38364389703844
2011-06-27 23:00:00,76.74391720919289
2011-06-28 00:00:00,35.78121717123742
2011-06-28 01:00:00,14.919098972625308
2011-06-28 02:00:00,8.862912784468959
2011-06-28 03:00:00,5.585996080648235
2011-06-28 04:00:00,6.631201299554558
2011-06-28 05:00:00,28.28672022764875
2011-06-28 06:00:00,128.09555737715743
2011-06-28 07:00:00,322.1962363222245
2011-06-28 08:00:00,495.0770190838521
2011-06-28 09:00:00,328.5163664593889
2011-06-28 10:00:00,176.40667056555947
2011-06-28 11:00:00,194.20044701770823
2011-06-28 12:00:00,205.32968544693756
2011-06-28 13:00:00,228.4595775255011
2011-06-28 14:00:00,174.06106486557215
2011-06-28 15:00:00,180.44946797771811
2011-06-28 16:00:00,227.41431910335453
2011-06-28 17:00:00,551.6295419694653
2011-06-28 18:00:00,564.6660924041606
2011-06-28 19:00:00,384.8896525619503
2011-06-28 20:00:00,306.80357843212363
2011-06-28 21:00:00,263.4827657753894
2011-06-28 22:00:00,166.57364228282398
2011-06-28 23:00:00,95.77079993352785
2011-06-29 00:00:00,31.917244642605336
2011-06-29 01:00:00,12.354221088222445
2011-06-29 02:00:00,7.509904245119707
2011-06-29 03:00:00,7.478052726167305
2011-06-29 04:00:00,7.807685329104995
2011-06-29 05:00:00,30.49481058175921
2011-06-29 06:00:00,161.53603439556665
2011-06-29 07:00:00,372.6391137589491
2011-06-29 08:00:00,464.57446813585875
2011-06-29 09:00:00,202.78323563121478
2011-06-29 10:00:00,120.98322658088941
2011-06-29 11:00:00,184.90425348888223
2011-06-29 12:00:00,237.56388410946008
2011-06-29 13:00:00,185.7760032025711
2011-06-29 14:00:00,203.67594535246116
2011-06-29 15:00:00,230.30598150243065
2011-06-29 16:00:00,319.4942792826674
2011-06-29 17:00:00,525.4820763854722
2011-06-29 18:00:00,583.129701193032
2011-06-29 19:00:00,501.31450460719986
2011-06-29 20:00:00,377.65458747031806
2011-06-29 21:00:00,296.1970020090229
2011-06-29 22:00:00,230.44560305729416
2011-06-29 23:00:00,120.60710134848661
2011-06-30 00:00:00,53.05968579836142
2011-06-30 01:00:00,20.78532398358453
2011-06-30 02:00:00,11.05267290758803
2011-06-30 03:00:00,7.237373026231345
2011-06-30 04:00:00,7.945015994631479
2011-06-30 05:00:00,35.64620646619488
2011-06-30 06:00:00,127.78393671026525
2011-06-30 07:00:00,417.1060283475958
2011-06-30 08:00:00,440.58621870014656
2011-06-30 09:00:00,233.40162833447533
2011-06-30 10:00:00,148.81943232107076
2011-06-30 11:00:00,204.4840307972711
2011-06-30 12:00:00,257.0053909558766
2011-06-30 13:00:00,236.8424863522584
2011-06-30 14:00:00,212.1843035993356
2011-06-30 15:00:00,169.39683697400613
2011-06-30 16:00:00,287.4305248340924
2011-06-30 17:00:00,419.6782371226331
2011-06-30 18:00:00,496.6387268397164
2011-06-30 19:00:00,471.35949023106514
2011-06-30 20:00:00,363.36719359000506
2011-06-30 21:00:00,295.7826181491727
2011-06-30 22:00:00,242.02622711720642
2011-06-30 23:00:00,156.44944841672742
2011-07-20 00:00:00,51.34101338445964
2011-07-20 01:00:00,21.024639647056258
2011-07-20 02:00:00,7.768413760128892
2011-07-20 03:00:00,6.862700130429767
2011-07-20 04:00:00,7.119158537629022
2011-07-20 05:00:00,38.9523355648505
2011-07-20 06:00:00,142.39173042571778
2011-07-20 07:00:00,490.7590966184819
2011-07-20 08:00:00,604.4960305031774
2011-07-20 09:00:00,325.35670130762526
2011-07-20 10:00:00,191.44955752834545
2011-07-20 11:00:00,171.30906686092217
2011-07-20 12:00:00,209.01923893499955
2011-07-20 13:00:00,221.8377076287667
2011-07-20 14:00:00,191.64684607935186
2011-07-20 15:00:00,223.28685256327358
2011-07-20 16:00:00,349.00852197802294
2011-07-20 17:00:00,730.1933794849894
2011-07-20 18:00:00,722.631271129761
2011-07-20 19:00:00,554.8331355115546
2011-07-20 20:00:00,480.11951972156834
2011-07-20 21:00:00,384.02894449087205
2011-07-20 22:00:00,252.71414478119982
2011-07-20 23:00:00,146.6302461038806
2011-07-21 00:00:00,41.54079627940463
2011-07-21 01:00:00,15.85622555107921
2011-07-21 02:00:00,8.56048795168247
2011-07-21 03:00:00,4.8741640470279775
2011-07-21 04:00:00,7.98937364080896
2011-07-21 05:00:00,39.01259878535746
2011-07-21 06:00:00,165.38741183752356
2011-07-21 07:00:00,477.5768138730263
2011-07-21 08:00:00,533.5589844130711
2011-07-21 09:00:00,243.33779213595358
2011-07-21 10:00:00,158.4313609319244
2011-07-21 11:00:00,142.2455539309753
2011-07-21 12:00:00,178.6708782623067
2011-07-21 13:00:00,180.13309999160288
2011-07-21 14:00:00,182.98426709771184
2011-07-21 15:00:00,187.72474516493185
2011-07-21 16:00:00,285.96324399612274
2011-07-21 17:00:00,556.595816325576
2011-07-21 18:00:00,530.1545478958897
2011-07-21 19:00:00,429.74945717068715
2011-07-21 20:00:00,422.75950633714683
2011-07-21 21:00:00,311.9988661537928
2011-07-21 22:00:00,230.16732255795498
2011-07-21 23:00:00,178.50422567163258
2011-07-22 00:00:00,76.25329814748423
2011-07-22 01:00:00,36.15848385423121
2011-07-22 02:00:00,11.361699682954796
2011-07-22 03:00:00,7.596905211543762
2011-07-22 04:00:00,7.953920117227782
2011-07-22 05:00:00,32.260253965666685
2011-07-22 06:00:00,111.76556236608859
2011-07-22 07:00:00,350.8426155707976
2011-07-22 08:00:00,474.3350230745596
2011-07-22 09:00:00,224.46068752401135
2011-07-22 10:00:00,159.56047137683746
2011-07-22 11:00:00,197.92063471579002
2011-07-22 12:00:00,268.80572194394153
2011-07-22 13:00:00,223.22340458442682
2011-07-22 14:00:00,230.01459800343935
2011-07-22 15:00:00,199.6952605261891
2011-07-22 16:00:00,266.25183672807265
2011-07-22 17:00:00,483.57490549045724
2011-07-22 18:00:00,544.8159007599971
2011-07-22 19:00:00,493.7621994923352
2011-07-22 20:00:00,348.62712892969745
2011-07-22 21:00:00,282.61805992128785
2011-07-22 22:00:00,360.5872441955556
2011-07-22 23:00:00,187.089377328379
2011-07-23 00:00:00,137.04411316295557
2011-07-23 01:00:00,100.09351017161967
2011-07-23 02:00:00,65.45133170070045
2011-07-23 03:00:00,32.47149584999655
2011-07-23 04:00:00,11.90384239671251
2011-07-23 05:00:00,9.9566546678784
2011-07-23 06:00:00,27.17325504436547
2011-07-23 07:00:00,70.62305460538587
2011-07-23 08:00:00,197.85175228867075
2011-07-23 09:00:00,288.8310907784781
2011-07-23 10:00:00,287.0594756219156
2011-07-23 11:00:00,409.4498284875143
2011-07-23 12:00:00,405.59683527017336
2011-07-23 13:00:00,340.7092298460005
2011-07-23 14:00:00,370.6385812184057
2011-07-23 15:00:00,355.1514394938554
2011-07-23 16:00:00,356.7819412644673
2011-07-23 17:00:00,334.8763081645087
2011-07-23 18:00:00,340.6635808516692
2011-07-23 19:00:00,330.1544406247573
2011-07-23 20:00:00,297.3416802317386
2011-07-23 21:00:00,253.190944322938
2011-07-23 22:00:00,239.82292462112434
2011-07-23 23:00:00,200.7702494509277
2011-07-24 00:00:00,145.28035404992596
2011-07-24 01:00:00,112.10385049655257
2011-07-24 02:00:00,71.70969274211456
2011-07-24 03:00:00,30.692450555134744
2011-07-24 04:00:00,10.911465732221362
2011-07-24 05:00:00,9.816594858587413
2011-07-24 06:00:00,19.069288503555537
2011-07-24 07:00:00,43.83592479259681
2011-07-24 08:00:00,124.23335279851277
2011-07-24 09:00:00,213.97241626332703
2011-07-24 10:00:00,321.5836615548734
2011-07-24 11:00:00,364.36849440300426
2011-07-24 12:00:00,369.53845584569
2011-07-24 13:00:00,417.0036117219823
2011-07-24 14:00:00,335.4099092595149
2011-07-24 15:00:00,368.50730851705174
2011-07-24 16:00:00,380.71150132761477
2011-07-24 17:00:00,401.0844871463913
2011-07-24 18:00:00,397.6847473404072
2011-07-24 19:00:00,374.0151778543533
2011-07-24 20:00:00,312.77523356341436
2011-07-24 21:00:00,226.25276282445353
2011-07-24 22:00:00,153.63875077254207
2011-07-24 23:00:00,126.71039946021213
2011-07-25 00:00:00,51.80119435782338
2011-07-25 01:00:00,14.165589163556257
2011-07-25 02:00:00,8.239048067025758
2011-07-25 03:00:00,5.153443473144591
2011-07-25 04:00:00,7.256453096418766
2011-07-25 05:00:00,34.69203839545349
2011-07-25 06:00:00,138.97045019723967
2011-07-25 07:00:00,401.5244165565682
2011-07-25 08:00:00,487.1090434750463
2011-07-25 09:00:00,213.06942295926197
2011-07-25 10:00:00,137.22171256408578
2011-07-25 11:00:00,186.21910095166285
2011-07-25 12:00:00,233.5971434414695
2011-07-25 13:00:00,246.70246181594553
2011-07-25 14:00:00,185.07952874797363
2011-07-25 15:00:00,127.64648687105998
2011-07-25 16:00:00,306.02043659679947
2011-07-25 17:00:00,615.704513347414
2011-07-25 18:00:00,687.8713030149717
2011-07-25 19:00:00,547.4821178259261
2011-07-25 20:00:00,337.8206086108245
2011-07-25 21:00:00,167.5550015088296
2011-07-25 22:00:00,114.58471416829141
2011-07-25 23:00:00,78.83783465213399
2011-07-26 00:00:00,36.865009524668444
2011-07-26 01:00:00,16.940656518891156
2011-07-26 02:00:00,9.483310032209465
2011-07-26 03:00:00,5.581265514896906
2011-07-26 04:00:00,7.147454109037002
2011-07-26 05:00:00,29.497738027558455
2011-07-26 06:00:00,114.8223634649935
2011-07-26 07:00:00,366.3860200225681
2011-07-26 08:00:00,476.4159117381153
2011-07-26 09:00:00,243.45362013036538
2011-07-26 10:00:00,150.63830177276589
2011-07-26 11:00:00,184.97868328567907
2011-07-26 12:00:00,266.5415872278536
2011-07-26 13:00:00,216.02813405232413
2011-07-26 14:00:00,181.13827894688197
2011-07-26 15:00:00,190.07774745189067
2011-07-26 16:00:00,279.3602252644775
2011-07-26 17:00:00,566.7299154496154
2011-07-26 18:00:00,598.0910729019686
2011-07-26 19:00:00,402.7867896040414
2011-07-26 20:00:00,327.8767662100595
2011-07-26 21:00:00,244.3445946442741
2011-07-26 22:00:00,171.20641766068445
2011-07-26 23:00:00,99.25643906963398
2011-07-27 00:00:00,48.98635154614728
2011-07-27 01:00:00,13.682644518298899
2011-07-27 02:00:00,4.495381631792734
2011-07-27 03:00:00,5.0001575090969785
2011-07-27 04:00:00,5.845182673825683
2011-07-27 05:00:00,34.28747151458965
2011-07-27 06:00:00,139.59981022849556
2011-07-27 07:00:00,376.5309440959641
2011-07-27 08:00:00,404.64949187834554
2011-07-27 09:00:00,194.63412263172887
2011-07-27 10:00:00,125.67236537261755
2011-07-27 11:00:00,152.45511894039134
2011-07-27 12:00:00,190.67506979241443
2011-07-27 13:00:00,192.7264745903764
2011-07-27 14:00:00,197.44809326680755
2011-07-27 15:00:00,202.1701536854348
2011-07-27 16:00:00,369.874640508887
2011-07-27 17:00:00,614.1053495262709
2011-07-27 18:00:00,634.8762993744962
2011-07-27 19:00:00,468.5761995715281
2011-07-27 20:00:00,369.57828137632646
2011-07-27 21:00:00,289.85952250163535
2011-07-27 22:00:00,221.9755823985264
2011-07-27 23:00:00,96.65154160492025
2011-07-28 00:00:00,66.90752508061202
2011-07-28 01:00:00,29.12627483889492
2011-07-28 02:00:00,15.999309676585302
2011-07-28 03:00:00,6.036340303664136
2011-07-28 04:00:00,7.900277371002509
2011-07-28 05:00:00,35.37074503334531
2011-07-28 06:00:00,160.30409744481375
2011-07-28 07:00:00,428.32394058081496
2011-07-28 08:00:00,536.1355986670154
2011-07-28 09:00:00,253.8081471012763
2011-07-28 10:00:00,149.7276758216895
2011-07-28 11:00:00,182.87497086846034
2011-07-28 12:00:00,216.38133556404946
2011-07-28 13:00:00,220.58174852017925
2011-07-28 14:00:00,223.80010165988523
2011-07-28 15:00:00,216.44397407597356
2011-07-28 16:00:00,326.2756625648689
2011-07-28 17:00:00,767.9264220611157
2011-07-28 18:00:00,606.6475725691836
2011-07-28 19:00:00,531.2439584310284
2011-07-28 20:00:00,400.0227251983221
2011-07-28 21:00:00,313.9791887773415
2011-07-28 22:00:00,244.88254197587653
2011-07-28 23:00:00,144.41320380142014
2011-07-29 00:00:00,64.9041240999424
2011-07-29 01:00:00,29.16706609477784
2011-07-29 02:00:00,12.695602993210336
2011-07-29 03:00:00,6.741827540199523
2011-07-29 04:00:00,7.675557094092355
2011-07-29 05:00:00,39.180662704148475
2011-07-29 06:00:00,135.5206324257137
2011-07-29 07:00:00,373.6196410719895
2011-07-29 08:00:00,556.8814659898561
2011-07-29 09:00:00,262.11523541903773
2011-07-29 10:00:00,162.44866951978145
2011-07-29 11:00:00,198.44662875280252
2011-07-29 12:00:00,223.91784059319127
2011-07-29 13:00:00,269.06245393244984
2011-07-29 14:00:00,235.49169417084454
2011-07-29 15:00:00,252.91015944238833
2011-07-29 16:00:00,350.96057822848024
2011-07-29 17:00:00,512.2891528957207
2011-07-29 18:00:00,426.6978066015373
2011-07-29 19:00:00,384.56714256586486
2011-07-29 20:00:00,273.4575637999547
2011-07-29 21:00:00,288.86428450627903
2011-07-29 22:00:00,252.90774751465514
2011-07-29 23:00:00,164.5545946159165
2011-07-30 00:00:00,114.15970843811509
2011-07-30 01:00:00,75.86103640499128
2011-07-30 02:00:00,60.84846034029639
2011-07-30 03:00:00,23.60803216008011
2011-07-30 04:00:00,8.154530681996333
2011-07-30 05:00:00,15.231672687876207
2011-07-30 06:00:00,41.192196956018634
2011-07-30 07:00:00,68.5268270009738
2011-07-30 08:00:00,163.01100451281505
2011-07-30 09:00:00,257.21233815853117
2011-07-30 10:00:00,306.6213485707303
2011-07-30 11:00:00,375.02883141911707
2011-07-30 12:00:00,375.6065316701373
2011-07-30 13:00:00,424.6121105705288
2011-07-30 14:00:00,388.9975241609515
2011-07-30 15:00:00,383.03790213223743
2011-07-30 16:00:00,400.3942795244412
2011-07-30 17:00:00,419.5873933033188
2011-07-30 18:00:00,319.3226306276956
2011-07-30 19:00:00,365.9081603139991
2011-07-30 20:00:00,269.96539423407
2011-07-30 21:00:00,250.06965095505743
2011-07-30 22:00:00,235.84556474137074
2011-07-30 23:00:00,175.07960647229032
2011-07-31 00:00:00,122.72944516288972
2011-07-31 01:00:00,104.02531123880989
2011-07-31 02:00:00,69.9955176025303
2011-07-31 03:00:00,28.857179222116635
2011-07-31 04:00:00,14.995699102021831
2011-07-31 05:00:00,14.085812230667711
2011-07-31 06:00:00,27.61282830640569
2011-07-31 07:00:00,43.14540652668983
2011-07-31 08:00:00,97.69128776583733
2011-07-31 09:00:00,249.50555565510382
2011-07-31 10:00:00,301.04496982416396
2011-07-31 11:00:00,336.5549211601545
2011-07-31 12:00:00,430.4217118565644
2011-07-31 13:00:00,534.1628118492168
2011-07-31 14:00:00,466.46015126161416
2011-07-31 15:00:00,366.92871042072585
2011-07-31 16:00:00,352.9336499863572
2011-07-31 17:00:00,406.4764203831534
2011-07-31 18:00:00,405.10067184450617
2011-07-31 19:00:00,326.85057116284696
2011-07-31 20:00:00,278.72221615955056
2011-07-31 21:00:00,206.13784459653087
2011-07-31 22:00:00,140.9837503597754
2011-07-31 23:00:00,91.93553698273958
2011-08-20 00:00:00,116.99360710923116
2011-08-20 01:00:00,90.17957149291298
2011-08-20 02:00:00,65.85313557017513
2011-08-20 03:00:00,39.12376823219662
2011-08-20 04:00:00,7.591243564340511
2011-08-20 05:00:00,8.626659904353662
2011-08-20 06:00:00,24.906834657931675
2011-08-20 07:00:00,40.87286456880518
2011-08-20 08:00:00,160.79420730585556
2011-08-20 09:00:00,251.82735257719747
2011-08-20 10:00:00,402.0353699022611
2011-08-20 11:00:00,436.5328458870582
2011-08-20 12:00:00,441.62843489978184
2011-08-20 13:00:00,422.48785378115423
2011-08-20 14:00:00,430.2306748313876
2011-08-20 15:00:00,401.7590257286311
2011-08-20 16:00:00,381.3177738235147
2011-08-20 17:00:00,415.27805463302934
2011-08-20 18:00:00,385.325966218392
2011-08-20 19:00:00,326.9498655570989
2011-08-20 20:00:00,300.05396027035056
2011-08-20 21:00:00,275.39042324497643
2011-08-20 22:00:00,171.34509440793897
2011-08-20 23:00:00,139.59468471157834
2011-08-21 00:00:00,163.5804340940613
2011-08-21 01:00:00,104.18143012739705
2011-08-21 02:00:00,90.05826141966101
2011-08-21 03:00:00,40.315292042518244
2011-08-21 04:00:00,7.57837528132945
2011-08-21 05:00:00,9.953115884378109
2011-08-21 06:00:00,18.740875197812613
2011-08-21 07:00:00,31.406752415862055
2011-08-21 08:00:00,84.93942881298902
2011-08-21 09:00:00,196.2188454252487
2011-08-21 10:00:00,289.97758282370665
2011-08-21 11:00:00,374.16715809743135
2011-08-21 12:00:00,379.0977959206458
2011-08-21 13:00:00,496.7436473199955
2011-08-21 14:00:00,256.725027679511
2011-08-21 15:00:00,239.06491239913026
2011-08-21 16:00:00,319.0462372638262
2011-08-21 17:00:00,300.30129900147904
2011-08-21 18:00:00,299.3566995829205
2011-08-21 19:00:00,347.4831289507277
2011-08-21 20:00:00,181.79183390601753
2011-08-21 21:00:00,155.34716757084834
2011-08-21 22:00:00,104.86609092664052
2011-08-21 23:00:00,85.28346145250471
2011-08-22 00:00:00,41.09373178057913
2011-08-22 01:00:00,15.324415867875642
2011-08-22 02:00:00,12.745659868161628
2011-08-22 03:00:00,6.51057868989367
2011-08-22 04:00:00,5.998739267040107
2011-08-22 05:00:00,25.8363808569679
2011-08-22 06:00:00,102.57348531281623
2011-08-22 07:00:00,300.76374438271137
2011-08-22 08:00:00,448.1571821506326
2011-08-22 09:00:00,252.8726565681353
2011-08-22 10:00:00,156.91999114493197
2011-08-22 11:00:00,150.49664794605891
2011-08-22 12:00:00,196.99621756004206
2011-08-22 13:00:00,152.13218116191533
2011-08-22 14:00:00,166.99219947462174
2011-08-22 15:00:00,198.41351216206476
2011-08-22 16:00:00,281.6333158785398
2011-08-22 17:00:00,466.68685795328025
2011-08-22 18:00:00,623.724646679605
2011-08-22 19:00:00,484.9097649413714
2011-08-22 20:00:00,431.3187277620587
2011-08-22 21:00:00,310.99092656604904
2011-08-22 22:00:00,186.7001084809687
2011-08-22 23:00:00,117.13416288535579
2011-08-23 00:00:00,33.608077998530845
2011-08-23 01:00:00,16.824828982357218
2011-08-23 02:00:00,7.774422553918675
2011-08-23 03:00:00,4.993838445495581
2011-08-23 04:00:00,5.819410671928949
2011-08-23 05:00:00,31.241420809103147
2011-08-23 06:00:00,127.05829247524281
2011-08-23 07:00:00,393.68482457503757
2011-08-23 08:00:00,606.3757177218041
2011-08-23 09:00:00,401.1590823572308
2011-08-23 10:00:00,208.35769424767935
2011-08-23 11:00:00,225.6320860739401
2011-08-23 12:00:00,320.27036058028773
2011-08-23 13:00:00,318.20043539931635
2011-08-23 14:00:00,287.95003070961724
2011-08-23 15:00:00,283.337799579442
2011-08-23 16:00:00,486.6236054142504
2011-08-23 17:00:00,786.1102829431661
2011-08-23 18:00:00,824.4511275542544
2011-08-23 19:00:00,536.3746841262002
2011-08-23 20:00:00,386.87006017091437
2011-08-23 21:00:00,221.9367402397338
2011-08-23 22:00:00,179.80151054513925
2011-08-23 23:00:00,111.88980633015441
2011-08-24 00:00:00,39.742985764522516
2011-08-24 01:00:00,18.06380422693572
2011-08-24 02:00:00,8.882702738224548
2011-08-24 03:00:00,7.568422600514102
2011-08-24 04:00:00,9.470031456109293
2011-08-24 05:00:00,50.33542178423811
2011-08-24 06:00:00,213.46796334414327
2011-08-24 07:00:00,409.55995915936086
2011-08-24 08:00:00,651.359736608719
2011-08-24 09:00:00,276.3554471387489
2011-08-24 10:00:00,139.22043235259017
2011-08-24 11:00:00,188.46621900027776
2011-08-24 12:00:00,188.33083703010985
2011-08-24 13:00:00,198.30199721864608
2011-08-24 14:00:00,184.47818245718153
2011-08-24 15:00:00,215.7322853844032
2011-08-24 16:00:00,297.79133198727425
2011-08-24 17:00:00,604.4187854655648
2011-08-24 18:00:00,582.3227798387124
2011-08-24 19:00:00,488.1637681084254
2011-08-24 20:00:00,387.27482329126286
2011-08-24 21:00:00,295.995242030731
2011-08-24 22:00:00,216.37875611289576
2011-08-24 23:00:00,98.41768601517619
2011-08-25 00:00:00,52.45742800469543
2011-08-25 01:00:00,20.25494115184362
2011-08-25 02:00:00,11.040026097886573
2011-08-25 03:00:00,5.345696386135913
2011-08-25 04:00:00,7.137334749115805
2011-08-25 05:00:00,29.58589917873454
2011-08-25 06:00:00,137.71819364561355
2011-08-25 07:00:00,325.39905787548633
2011-08-25 08:00:00,498.4565281633178
2011-08-25 09:00:00,253.3022826397929
2011-08-25 10:00:00,136.13923778567892
2011-08-25 11:00:00,129.37834173214824
2011-08-25 12:00:00,138.59311310794655
2011-08-25 13:00:00,145.39581217300417
2011-08-25 14:00:00,170.03964702528774
2011-08-25 15:00:00,199.2993390625937
2011-08-25 16:00:00,337.59242766924336
2011-08-25 17:00:00,575.2029739514403
2011-08-25 18:00:00,328.410645527081
2011-08-25 19:00:00,298.80934759119697
2011-08-25 20:00:00,232.22366425768357
2011-08-25 21:00:00,217.45954736098
2011-08-25 22:00:00,131.25167721161714
2011-08-25 23:00:00,107.07393866257061
2011-08-26 00:00:00,54.75554630411142
2011-08-26 01:00:00,20.883662037381423
2011-08-26 02:00:00,14.905510347559726
2011-08-26 03:00:00,6.396102435170298
2011-08-26 04:00:00,6.853587669737335
2011-08-26 05:00:00,24.01878771767169
2011-08-26 06:00:00,101.24513455269599
2011-08-26 07:00:00,226.9475325923716
2011-08-26 08:00:00,534.2866146109947
2011-08-26 09:00:00,325.08175049186394
2011-08-26 10:00:00,152.25410101481816
2011-08-26 11:00:00,231.2048379317546
2011-08-26 12:00:00,294.6192153919268
2011-08-26 13:00:00,319.2500085317374
2011-08-26 14:00:00,254.05976201254444
2011-08-26 15:00:00,299.2742046897322
2011-08-26 16:00:00,379.83550355639704
2011-08-26 17:00:00,471.4069173397892
2011-08-26 18:00:00,550.290730346698
2011-08-26 19:00:00,320.50089317406173
2011-08-26 20:00:00,281.20323479862174
2011-08-26 21:00:00,256.6241766827896
2011-08-26 22:00:00,201.6520781626769
2011-08-26 23:00:00,191.90774301813516
2011-08-27 00:00:00,198.2176696311613
2011-08-27 01:00:00,136.3344509353489
2011-08-27 02:00:00,96.07867884098773
2011-08-27 03:00:00,32.46959916245631
2011-08-27 04:00:00,10.304776315536184
2011-08-27 05:00:00,12.29814611043619
2011-08-27 06:00:00,33.95985690227487
2011-08-27 07:00:00,58.643315652217325
2011-08-27 08:00:00,184.52085092622747
2011-08-27 09:00:00,165.2288158466089
2011-08-27 10:00:00,309.5038618059927
2011-08-27 11:00:00,209.6269001595804
2011-08-27 12:00:00,274.34280905043596
2011-08-27 13:00:00,225.0823276879802
2011-08-27 14:00:00,206.69691231929028
2011-08-27 15:00:00,208.4979280649932
2011-08-27 16:00:00,157.05488425011717
2011-08-27 17:00:00,93.13135231445376
2011-08-28 07:00:00,13.453372426150327
2011-08-28 08:00:00,32.94113325974669
2011-08-28 09:00:00,184.95240014962638
2011-08-28 10:00:00,312.10495908914316
2011-08-28 11:00:00,370.3794027377482
2011-08-28 12:00:00,386.49096744291455
2011-08-28 13:00:00,419.76129438420463
2011-08-28 14:00:00,399.66828606072403
2011-08-28 15:00:00,388.3625594435331
2011-08-28 16:00:00,388.2655342591442
2011-08-28 17:00:00,496.4111989919436
2011-08-28 18:00:00,496.10688671076
2011-08-28 19:00:00,356.96061922220605
2011-08-28 20:00:00,281.00431836955806
2011-08-28 21:00:00,209.69548249217578
2011-08-28 22:00:00,123.9430655534376
2011-08-28 23:00:00,98.04787643921793
2011-08-29 00:00:00,37.643497804889
2011-08-29 01:00:00,13.99145196824926
2011-08-29 02:00:00,7.577582126458469
2011-08-29 03:00:00,5.449073191275251
2011-08-29 04:00:00,7.403526663704927
2011-08-29 05:00:00,37.72090510143938
2011-08-29 06:00:00,157.82423114374083
2011-08-29 07:00:00,381.6341012129132
2011-08-29 08:00:00,592.4804489478284
2011-08-29 09:00:00,319.75810036152586
2011-08-29 10:00:00,159.01132857927394
2011-08-29 11:00:00,209.77999157182012
2011-08-29 12:00:00,322.3872614039109
2011-08-29 13:00:00,366.2499489573156
2011-08-29 14:00:00,260.029681469156
2011-08-29 15:00:00,269.91107583711994
2011-08-29 16:00:00,418.4874255307182
2011-08-29 17:00:00,739.3804084432203
2011-08-29 18:00:00,855.4453410108955
2011-08-29 19:00:00,591.867987016453
2011-08-29 20:00:00,390.3559969426473
2011-08-29 21:00:00,281.5096589687168
2011-08-29 22:00:00,182.41921385209358
2011-08-29 23:00:00,89.98824841089194
2011-08-30 00:00:00,39.1271450535467
2011-08-30 01:00:00,14.1237080165285
2011-08-30 02:00:00,6.122791720854754
2011-08-30 03:00:00,4.76681974897062
2011-08-30 04:00:00,8.196547553764802
2011-08-30 05:00:00,44.83087053100244
2011-08-30 06:00:00,161.31488910944452
2011-08-30 07:00:00,412.34017600590073
2011-08-30 08:00:00,490.6680743252951
2011-08-30 09:00:00,287.84734467822227
2011-08-30 10:00:00,161.60159714940406
2011-08-30 11:00:00,211.6521719971063
2011-08-30 12:00:00,295.26108890568247
2011-08-30 13:00:00,293.7629393239791
2011-08-30 14:00:00,249.7920893206478
2011-08-30 15:00:00,257.58459988322454
2011-08-30 16:00:00,415.2976590764941
2011-08-30 17:00:00,798.3762632856551
2011-08-30 18:00:00,781.0333326427931
2011-08-30 19:00:00,469.7641402984623
2011-08-30 20:00:00,341.3500977991117
2011-08-30 21:00:00,218.45103003295463
2011-08-30 22:00:00,187.3126275513542
2011-08-30 23:00:00,111.30854420149203
2011-08-31 00:00:00,32.08231271498553
2011-08-31 01:00:00,12.03118009573239
2011-08-31 02:00:00,10.41528661058265
2011-08-31 03:00:00,9.147690594616003
2011-08-31 04:00:00,9.9462199408642
2011-08-31 05:00:00,43.90690471097282
2011-08-31 06:00:00,220.974319526934
2011-08-31 07:00:00,295.04491240119586
2011-08-31 08:00:00,623.9453677196218
2011-08-31 09:00:00,280.66618888264316
2011-08-31 10:00:00,187.48365951366503
2011-08-31 11:00:00,217.535463733491
2011-08-31 12:00:00,237.30868976053713
2011-08-31 13:00:00,259.4486859082
2011-08-31 14:00:00,238.01028354740694
2011-08-31 15:00:00,255.92494166412112
2011-08-31 16:00:00,361.8171705292489
2011-08-31 17:00:00,704.5938087966869
2011-08-31 18:00:00,746.6330874889156
2011-08-31 19:00:00,568.7277842679603
2011-08-31 20:00:00,418.0354886327083
2011-08-31 21:00:00,286.28045191827823
2011-08-31 22:00:00,168.77923133472063
2011-08-31 23:00:00,112.16635714031014
2011-09-20 00:00:00,27.899659190066142
2011-09-20 01:00:00,11.356624450125087
2011-09-20 02:00:00,4.064898168563702
2011-09-20 03:00:00,2.9395499395491504
2011-09-20 04:00:00,4.851127323801459
2011-09-20 05:00:00,20.867715243074006
2011-09-20 06:00:00,85.75821532998195
2011-09-20 07:00:00,285.68343820597585
2011-09-20 08:00:00,157.68536884764183
2011-09-20 09:00:00,73.47796947246128
2011-09-20 10:00:00,65.22825180257999
2011-09-20 11:00:00,59.62819703113894
2011-09-20 12:00:00,64.49629993132714
2011-09-20 13:00:00,67.30481998555082
2011-09-20 14:00:00,105.6562164401181
2011-09-20 15:00:00,214.92750168683966
2011-09-20 16:00:00,251.1677743462401
2011-09-20 17:00:00,423.97541269774683
2011-09-20 18:00:00,414.4525387372635
2011-09-20 19:00:00,247.06281128814436
2011-09-20 20:00:00,122.99729943175474
2011-09-20 21:00:00,109.61369888909987
2011-09-20 22:00:00,80.88687910303423
2011-09-20 23:00:00,67.90065706826641
2011-09-21 00:00:00,14.536156247631274
2011-09-21 01:00:00,8.04478167084966
2011-09-21 02:00:00,4.56801053157652
2011-09-21 03:00:00,3.0641531739955647
2011-09-21 04:00:00,3.61702348315515
2011-09-21 05:00:00,13.620185955112074
2011-09-21 06:00:00,50.576459094814744
2011-09-21 07:00:00,146.54825434265916
2011-09-21 08:00:00,234.82585218027583
2011-09-21 09:00:00,78.1326834265305
2011-09-21 10:00:00,76.58117196215348
2011-09-21 11:00:00,124.34234124380689
2011-09-21 12:00:00,131.95658829523387
2011-09-21 13:00:00,185.34359280862301
2011-09-21 14:00:00,161.16649999958193
2011-09-21 15:00:00,161.96154841053772
2011-09-21 16:00:00,238.28657017687758
2011-09-21 17:00:00,420.6824289154657
2011-09-21 18:00:00,312.00377568995907
2011-09-21 19:00:00,81.30501213168748
2011-09-21 20:00:00,46.517284874656355
2011-09-21 21:00:00,82.57592916348095
2011-09-21 22:00:00,41.379120297301924
2011-09-21 23:00:00,69.65816286187135
2011-09-22 00:00:00,17.796674802734636
2011-09-22 01:00:00,6.280102925177013
2011-09-22 02:00:00,4.149088849494458
2011-09-22 03:00:00,2.5177413136407045
2011-09-22 04:00:00,3.327018489062252
2011-09-22 05:00:00,18.558607979665204
2011-09-22 06:00:00,74.69574704665632
2011-09-22 07:00:00,207.67259402518158
2011-09-22 08:00:00,253.69114275333337
2011-09-22 09:00:00,108.91959309091523
2011-09-22 10:00:00,122.50416706141877
2011-09-22 11:00:00,140.67518372170338
2011-09-22 12:00:00,150.6385890927988
2011-09-22 13:00:00,143.22536445574823
2011-09-22 14:00:00,123.12927332040697
2011-09-22 15:00:00,153.86059755966426
2011-09-22 16:00:00,260.53866940293904
2011-09-22 17:00:00,437.9468387814022
2011-09-22 18:00:00,264.538983103542
2011-09-22 19:00:00,188.9123101458004
2011-09-22 20:00:00,80.84488741864882
2011-09-22 21:00:00,120.92047690335349
2011-09-22 22:00:00,64.09210796377666
2011-09-22 23:00:00,42.03894452980234
2011-09-23 00:00:00,51.21432009039305
2011-09-23 01:00:00,15.80417164598726
2011-09-23 02:00:00,12.488404065812167
2011-09-23 03:00:00,5.938506451294401
2011-09-23 04:00:00,4.5053189127126
2011-09-23 05:00:00,28.656329285819204
2011-09-23 06:00:00,116.83672805029485
2011-09-23 07:00:00,381.78098516960983
2011-09-23 08:00:00,540.2576039166054
2011-09-23 09:00:00,231.94445320881377
2011-09-23 10:00:00,153.39827787575686
2011-09-23 11:00:00,186.57115501472308
2011-09-23 12:00:00,247.47005791216088
2011-09-23 13:00:00,172.1158999843748
2011-09-23 14:00:00,177.89149778405954
2011-09-23 15:00:00,318.41642016119937
2011-09-23 16:00:00,386.31906007907406
2011-09-23 17:00:00,337.25551087305973
2011-09-23 18:00:00,302.1465690527634
2011-09-23 19:00:00,309.1130140031718
2011-09-23 20:00:00,198.69205286409974
2011-09-23 21:00:00,167.8263095829003
2011-09-23 22:00:00,171.64627355077607
2011-09-23 23:00:00,92.81662942791688
2011-09-24 00:00:00,237.10961592873903
2011-09-24 01:00:00,156.83628398790574
2011-09-24 02:00:00,81.26450835671189
2011-09-24 03:00:00,41.41025782043394
2011-09-24 04:00:00,16.139417044889203
2011-09-24 05:00:00,12.993392586201919
2011-09-24 06:00:00,29.764141035766166
2011-09-24 07:00:00,68.72765415841538
2011-09-24 08:00:00,113.05164109030157
2011-09-24 09:00:00,252.80514129858815
2011-09-24 10:00:00,355.5389528372331
2011-09-24 11:00:00,414.02154225211643
2011-09-24 12:00:00,499.3695892026634
2011-09-24 13:00:00,561.5896630139589
2011-09-24 14:00:00,463.9473076365876
2011-09-24 15:00:00,505.8338268882643
2011-09-24 16:00:00,517.8680983402234
2011-09-24 17:00:00,400.16905390690704
2011-09-24 18:00:00,408.4529725017872
2011-09-24 19:00:00,327.8104831288206
2011-09-24 20:00:00,270.82009241668214
2011-09-24 21:00:00,266.3788257714055
2011-09-24 22:00:00,191.66137673983783
2011-09-24 23:00:00,170.88148227606044
2011-09-25 00:00:00,148.2127354667884
2011-09-25 01:00:00,132.97473264978328
2011-09-25 02:00:00,42.13526419056694
2011-09-25 03:00:00,22.20946842232381
2011-09-25 04:00:00,11.108364608571932
2011-09-25 05:00:00,12.116710271686351
2011-09-25 06:00:00,20.218716293207272
2011-09-25 07:00:00,37.53541585921466
2011-09-25 08:00:00,99.84710635263089
2011-09-25 09:00:00,257.42448468302996
2011-09-25 10:00:00,404.24545946149476
2011-09-25 11:00:00,525.633442087331
2011-09-25 12:00:00,620.7590554734859
2011-09-25 13:00:00,600.3491977900782
2011-09-25 14:00:00,512.9591580313046
2011-09-25 15:00:00,515.5132281111628
2011-09-25 16:00:00,617.7109454639755
2011-09-25 17:00:00,402.6573594645476
2011-09-25 18:00:00,425.7513196636159
2011-09-25 19:00:00,265.49560366925317
2011-09-25 20:00:00,237.06394300726797
2011-09-25 21:00:00,219.58174691521387
2011-09-25 22:00:00,173.6318272898121
2011-09-25 23:00:00,117.02211768804943
2011-09-26 00:00:00,52.606846830052746
2011-09-26 01:00:00,20.69191317696876
2011-09-26 02:00:00,10.879332632142438
2011-09-26 03:00:00,4.735617469348242
2011-09-26 04:00:00,8.867619869994215
2011-09-26 05:00:00,34.44223297130192
2011-09-26 06:00:00,128.15598045717766
2011-09-26 07:00:00,327.1706971137894
2011-09-26 08:00:00,505.1972176592316
2011-09-26 09:00:00,373.7231638893402
2011-09-26 10:00:00,196.550155792051
2011-09-26 11:00:00,225.07857125271406
2011-09-26 12:00:00,302.32628364309886
2011-09-26 13:00:00,293.87614341528473
2011-09-26 14:00:00,246.2525584961541
2011-09-26 15:00:00,335.1521916373722
2011-09-26 16:00:00,497.2277999961653
2011-09-26 17:00:00,792.4998814088692
2011-09-26 18:00:00,505.15385809504073
2011-09-26 19:00:00,387.7021937581453
2011-09-26 20:00:00,357.4117959314124
2011-09-26 21:00:00,244.44038675890613
2011-09-26 22:00:00,125.41513018152783
2011-09-26 23:00:00,87.32288743525258
2011-09-27 00:00:00,41.035458362903434
2011-09-27 01:00:00,15.943600278931077
2011-09-27 02:00:00,8.129107318119901
2011-09-27 03:00:00,5.495822804973322
2011-09-27 04:00:00,7.4586905083884485
2011-09-27 05:00:00,22.36569804982979
2011-09-27 06:00:00,163.26491180610776
2011-09-27 07:00:00,469.2371377787331
2011-09-27 08:00:00,776.2097344434238
2011-09-27 09:00:00,250.24726608695525
2011-09-27 10:00:00,122.97536640620876
2011-09-27 11:00:00,197.0734473603659
2011-09-27 12:00:00,211.55258382078858
2011-09-27 13:00:00,313.96885847814127
2011-09-27 14:00:00,216.65534507719767
2011-09-27 15:00:00,197.9661291337758
2011-09-27 16:00:00,320.5235123289859
2011-09-27 17:00:00,527.8698988765127
2011-09-27 18:00:00,677.6044749313623
2011-09-27 19:00:00,483.58920206377763
2011-09-27 20:00:00,262.87011261723586
2011-09-27 21:00:00,171.70783377291085
2011-09-27 22:00:00,134.48831754709096
2011-09-27 23:00:00,86.80283299616701
2011-09-28 00:00:00,46.556872917747285
2011-09-28 01:00:00,13.856036676104033
2011-09-28 02:00:00,6.421963586869978
2011-09-28 03:00:00,7.05086309357037
2011-09-28 04:00:00,7.557243259286729
2011-09-28 05:00:00,35.06982586502263
2011-09-28 06:00:00,85.44330771701601
2011-09-28 07:00:00,203.79485524687405
2011-09-28 08:00:00,301.61597609419493
2011-09-28 09:00:00,179.59680376183766
2011-09-28 10:00:00,128.96609268393786
2011-09-28 11:00:00,169.5189315346443
2011-09-28 12:00:00,248.80329333545347
2011-09-28 13:00:00,248.37987675567828
2011-09-28 14:00:00,249.65907870875606
2011-09-28 15:00:00,283.88699658028
2011-09-28 16:00:00,425.7407630639275
2011-09-28 17:00:00,779.0419084865292
2011-09-28 18:00:00,393.61312070849215
2011-09-28 19:00:00,279.99248512703133
2011-09-28 20:00:00,118.4624715095495
2011-09-28 21:00:00,81.45499345004639
2011-09-28 22:00:00,118.16081859007619
2011-09-28 23:00:00,92.07105321006607
2011-09-29 00:00:00,54.62046609624323
2011-09-29 01:00:00,16.343054021832565
2011-09-29 02:00:00,10.85603902771907
2011-09-29 03:00:00,6.336699573091028
2011-09-29 04:00:00,6.550866338046794
2011-09-29 05:00:00,29.118491380358876
2011-09-29 06:00:00,142.54906828743444
2011-09-29 07:00:00,412.0736466592949
2011-09-29 08:00:00,609.7547642010429
2011-09-29 09:00:00,406.60901697944826
2011-09-29 10:00:00,211.4374146374622
2011-09-29 11:00:00,238.7958077034368
2011-09-29 12:00:00,283.73988983462704
2011-09-29 13:00:00,279.9652502442175
2011-09-29 14:00:00,238.73637667531895
2011-09-29 15:00:00,250.3052658240797
2011-09-29 16:00:00,449.1785384663101
2011-09-29 17:00:00,737.5841646390418
2011-09-29 18:00:00,674.4074655031792
2011-09-29 19:00:00,451.78154576452687
2011-09-29 20:00:00,346.80494793516027
2011-09-29 21:00:00,249.45261805533326
2011-09-29 22:00:00,223.95948568061064
2011-09-29 23:00:00,118.7598544213149
2011-09-30 00:00:00,54.726154921746485
2011-09-30 01:00:00,34.98946566611068
2011-09-30 02:00:00,12.613297992786698
2011-09-30 03:00:00,7.769100932297043
2011-09-30 04:00:00,7.9487977962996466
2011-09-30 05:00:00,33.851300720152736
2011-09-30 06:00:00,121.16109793443111
2011-09-30 07:00:00,336.3733046790519
2011-09-30 08:00:00,680.7848258454104
2011-09-30 09:00:00,387.5661527136367
2011-09-30 10:00:00,221.2632186344356
2011-09-30 11:00:00,241.91949909046235
2011-09-30 12:00:00,348.84629996475485
2011-09-30 13:00:00,265.64477820533756
2011-09-30 14:00:00,219.2909651577681
2011-09-30 15:00:00,227.1325508503849
2011-09-30 16:00:00,460.1812377998596
2011-09-30 17:00:00,606.8865583888125
2011-09-30 18:00:00,448.1941534290538
2011-09-30 19:00:00,314.1863156000681
2011-09-30 20:00:00,214.6955998963356
2011-09-30 21:00:00,176.660550722046
2011-09-30 22:00:00,155.11836946721616
2011-09-30 23:00:00,116.72997676522964
2011-10-20 00:00:00,31.08728985691742
2011-10-20 01:00:00,12.902393835272964
2011-10-20 02:00:00,6.306314437295522
2011-10-20 03:00:00,6.963561919445543
2011-10-20 04:00:00,7.380566119366412
2011-10-20 05:00:00,30.65571599753412
2011-10-20 06:00:00,139.3045017371291
2011-10-20 07:00:00,479.26770805092974
2011-10-20 08:00:00,606.9800372853416
2011-10-20 09:00:00,265.26251222270565
2011-10-20 10:00:00,176.62188956647762
2011-10-20 11:00:00,184.355422711154
2011-10-20 12:00:00,237.0612300412662
2011-10-20 13:00:00,185.0952384124412
2011-10-20 14:00:00,159.5657973710454
2011-10-20 15:00:00,167.91091819549712
2011-10-20 16:00:00,220.08574480718232
2011-10-20 17:00:00,436.7118959672314
2011-10-20 18:00:00,395.90563979146907
2011-10-20 19:00:00,334.0544796524751
2011-10-20 20:00:00,212.83384263999574
2011-10-20 21:00:00,190.72644705446197
2011-10-20 22:00:00,173.26675842687786
2011-10-20 23:00:00,97.35795198726015
2011-10-21 00:00:00,63.92411801756465
2011-10-21 01:00:00,26.783205742054005
2011-10-21 02:00:00,12.687166890363505
2011-10-21 03:00:00,6.6518662935283395
2011-10-21 04:00:00,6.830212079928887
2011-10-21 05:00:00,33.380049867645
2011-10-21 06:00:00,114.40384055397534
2011-10-21 07:00:00,362.9801481695535
2011-10-21 08:00:00,512.4613981911767
2011-10-21 09:00:00,323.9116677055675
2011-10-21 10:00:00,166.20787904878622
2011-10-21 11:00:00,220.53242387752286
2011-10-21 12:00:00,246.09772708544222
2011-10-21 13:00:00,217.26831828926942
2011-10-21 14:00:00,252.27011843433175
2011-10-21 15:00:00,227.70414579579744
2011-10-21 16:00:00,337.20067708905447
2011-10-21 17:00:00,551.7831772385954
2011-10-21 18:00:00,489.0719673710945
2011-10-21 19:00:00,309.81010023138526
2011-10-21 20:00:00,245.35310589116642
2011-10-21 21:00:00,179.3905336898431
2011-10-21 22:00:00,201.3040086047092
2011-10-21 23:00:00,155.4831552355381
2011-10-22 00:00:00,106.65725980578772
2011-10-22 01:00:00,57.16249266483234
2011-10-22 02:00:00,44.296639371124705
2011-10-22 03:00:00,27.70007095300702
2011-10-22 04:00:00,8.708306281137318
2011-10-22 05:00:00,5.038632370925368
2011-10-22 06:00:00,25.09327155833369
2011-10-22 07:00:00,49.89400741698002
2011-10-22 08:00:00,186.4616723932073
2011-10-22 09:00:00,256.7984878071485
2011-10-22 10:00:00,276.42595658427024
2011-10-22 11:00:00,326.11778670797213
2011-10-22 12:00:00,548.2912173576535
2011-10-22 13:00:00,559.2514097164003
2011-10-22 14:00:00,439.9824200703389
2011-10-22 15:00:00,492.4809295160568
2011-10-22 16:00:00,464.58886757300405
2011-10-22 17:00:00,405.3955520399033
2011-10-22 18:00:00,335.4775689719081
2011-10-22 19:00:00,239.16194185798406
2011-10-22 20:00:00,187.73405486570584
2011-10-22 21:00:00,153.37984619146025
2011-10-22 22:00:00,150.6051199956953
2011-10-22 23:00:00,118.15766339794168
2011-10-23 00:00:00,95.52519818795162
2011-10-23 01:00:00,84.08787258638613
2011-10-23 02:00:00,62.38245662079197
2011-10-23 03:00:00,25.110028717036375
2011-10-23 04:00:00,9.595290742118543
2011-10-23 05:00:00,6.262430579936785
2011-10-23 06:00:00,14.620986438354166
2011-10-23 07:00:00,43.1017103359388
2011-10-23 08:00:00,111.59722701329694
2011-10-23 09:00:00,128.46777330903095
2011-10-23 10:00:00,321.6299744873049
2011-10-23 11:00:00,371.3042292130593
2011-10-23 12:00:00,478.00194038693843
2011-10-23 13:00:00,522.7988375660512
2011-10-23 14:00:00,476.2832612880164
2011-10-23 15:00:00,454.7852653021108
2011-10-23 16:00:00,423.8375570629905
2011-10-23 17:00:00,322.5271826244179
2011-10-23 18:00:00,326.049216178222
2011-10-23 19:00:00,203.3091614266591
2011-10-23 20:00:00,156.26760256068928
2011-10-23 21:00:00,126.99348186717783
2011-10-23 22:00:00,110.65091848533972
2011-10-23 23:00:00,85.17332689093503
2011-10-24 00:00:00,34.96985879361187
2011-10-24 01:00:00,12.774515521019694
2011-10-24 02:00:00,8.79163295347399
2011-10-24 03:00:00,4.074418087127863
2011-10-24 04:00:00,5.616058284350155
2011-10-24 05:00:00,36.79233219613263
2011-10-24 06:00:00,151.7463835450357
2011-10-24 07:00:00,336.81339621053723
2011-10-24 08:00:00,630.7661406752746
2011-10-24 09:00:00,312.37206221469154
2011-10-24 10:00:00,154.65315536543136
2011-10-24 11:00:00,188.59468370124182
2011-10-24 12:00:00,218.869133566157
2011-10-24 13:00:00,275.9056648765361
2011-10-24 14:00:00,232.03615851250856
2011-10-24 15:00:00,213.2382464403107
2011-10-24 16:00:00,341.34261053433977
2011-10-24 17:00:00,635.5108410858102
2011-10-24 18:00:00,598.6671529074432
2011-10-24 19:00:00,347.1280649710882
2011-10-24 20:00:00,244.7541296513427
2011-10-24 21:00:00,211.23818501590173
2011-10-24 22:00:00,131.31252458929453
2011-10-24 23:00:00,74.68655824328961
2011-10-25 00:00:00,27.285592462043873
2011-10-25 01:00:00,12.143872740172089
2011-10-25 02:00:00,5.951018740537791
2011-10-25 03:00:00,4.001776628085671
2011-10-25 04:00:00,6.4689168674399165
2011-10-25 05:00:00,33.470580107260275
2011-10-25 06:00:00,137.48952669999125
2011-10-25 07:00:00,208.13903443849364
2011-10-25 08:00:00,685.0578898967074
2011-10-25 09:00:00,371.4265920634532
2011-10-25 10:00:00,167.14555391199843
2011-10-25 11:00:00,183.87545819597733
2011-10-25 12:00:00,279.2077422048649
2011-10-25 13:00:00,213.35755034784498
2011-10-25 14:00:00,199.86444664086235
2011-10-25 15:00:00,196.68328669219403
2011-10-25 16:00:00,373.03521338468295
2011-10-25 17:00:00,582.0965201976406
2011-10-25 18:00:00,629.1602573448449
2011-10-25 19:00:00,411.26548251425965
2011-10-25 20:00:00,228.28381920995116
2011-10-25 21:00:00,186.05694096384062
2011-10-25 22:00:00,173.6840782317397
2011-10-25 23:00:00,91.65015524855723
2011-10-26 00:00:00,30.973136079290942
2011-10-26 01:00:00,10.373565760138634
2011-10-26 02:00:00,5.544943618019858
2011-10-26 03:00:00,4.692381705828356
2011-10-26 04:00:00,5.380031966638126
2011-10-26 05:00:00,31.67362736357646
2011-10-26 06:00:00,116.20881902072203
2011-10-26 07:00:00,341.6518409512927
2011-10-26 08:00:00,584.0190517724203
2011-10-26 09:00:00,404.97996042458504
2011-10-26 10:00:00,210.0334227575325
2011-10-26 11:00:00,220.29562999947754
2011-10-26 12:00:00,234.00038074275264
2011-10-26 13:00:00,128.20903451091712
2011-10-26 14:00:00,177.11070315805478
2011-10-26 15:00:00,187.23359813316907
2011-10-26 16:00:00,249.71265548323979
2011-10-26 17:00:00,490.9910574836483
2011-10-26 18:00:00,510.7150029031343
2011-10-26 19:00:00,322.25631326136795
2011-10-26 20:00:00,171.66886489801155
2011-10-26 21:00:00,237.58688091780425
2011-10-26 22:00:00,95.65847917618032
2011-10-26 23:00:00,64.6859936622488
2011-10-27 00:00:00,26.70569459629726
2011-10-27 01:00:00,11.89724564927957
2011-10-27 02:00:00,4.863132035236583
2011-10-27 03:00:00,2.965617774064583
2011-10-27 04:00:00,4.410978412516519
2011-10-27 05:00:00,13.70031418827345
2011-10-27 06:00:00,56.528381088586684
2011-10-27 07:00:00,293.9323413450654
2011-10-27 08:00:00,230.12057281288315
2011-10-27 09:00:00,260.9213440095378
2011-10-27 10:00:00,54.82423116749879
2011-10-27 11:00:00,70.1161772678207
2011-10-27 12:00:00,82.66535942138896
2011-10-27 13:00:00,158.78886944683956
2011-10-27 14:00:00,140.77563706529207
2011-10-27 15:00:00,142.7171278007609
2011-10-27 16:00:00,325.7601657491372
2011-10-27 17:00:00,433.7193686294157
2011-10-27 18:00:00,391.02834100251624
2011-10-27 19:00:00,268.31845232246764
2011-10-27 20:00:00,285.8972543873607
2011-10-27 21:00:00,184.43569974626772
2011-10-27 22:00:00,127.96515537597735
2011-10-27 23:00:00,100.72171642299625
2011-10-28 00:00:00,62.87238784618286
2011-10-28 01:00:00,25.61187366213237
2011-10-28 02:00:00,8.961788344057798
2011-10-28 03:00:00,4.38215552106493
2011-10-28 04:00:00,5.8166281014077885
2011-10-28 05:00:00,47.33282173308086
2011-10-28 06:00:00,134.7689821073467
2011-10-28 07:00:00,451.8438082345082
2011-10-28 08:00:00,541.348414670306
2011-10-28 09:00:00,305.3882271933324
2011-10-28 10:00:00,170.54398896543654
2011-10-28 11:00:00,211.83946813520834
2011-10-28 12:00:00,329.50568051523805
2011-10-28 13:00:00,292.7227518502104
2011-10-28 14:00:00,232.76411492667722
2011-10-28 15:00:00,251.3577952687634
2011-10-28 16:00:00,326.6142253822041
2011-10-28 17:00:00,535.6733283526189
2011-10-28 18:00:00,463.90063102113686
2011-10-28 19:00:00,365.6597871114111
2011-10-28 20:00:00,118.75458803071841
2011-10-28 21:00:00,92.78627311850022
2011-10-28 22:00:00,71.97693567342917
2011-10-28 23:00:00,30.641905303042524
2011-10-29 00:00:00,43.1469186931668
2011-10-29 01:00:00,31.08691185805427
2011-10-29 02:00:00,20.575872237067077
2011-10-29 03:00:00,13.328000394459027
2011-10-29 04:00:00,5.5958528006352255
2011-10-29 05:00:00,4.873206577878258
2011-10-29 06:00:00,9.623344505204969
2011-10-29 07:00:00,22.040826013012573
2011-10-29 08:00:00,44.25506911269892
2011-10-29 09:00:00,66.66914933421147
2011-10-29 10:00:00,105.59572640972722
2011-10-29 11:00:00,121.95484533513616
2011-10-29 12:00:00,66.0053559462613
2011-10-29 13:00:00,75.45301691113984
2011-10-29 14:00:00,81.71307108043364
2011-10-29 15:00:00,123.79917993090203
2011-10-29 16:00:00,106.13581861260471
2011-10-29 17:00:00,110.1740266711943
2011-10-29 18:00:00,82.5506934713888
2011-10-29 19:00:00,58.295425440497596
2011-10-29 20:00:00,41.10196251242109
2011-10-29 21:00:00,34.57243632093674
2011-10-29 22:00:00,72.93627153518744
2011-10-29 23:00:00,75.79262726912275
2011-10-30 00:00:00,59.07860621901863
2011-10-30 01:00:00,66.78659075226456
2011-10-30 02:00:00,32.1457704638965
2011-10-30 03:00:00,12.818500667435687
2011-10-30 04:00:00,4.226011116492329
2011-10-30 05:00:00,3.532098603424165
2011-10-30 06:00:00,9.716040700502619
2011-10-30 07:00:00,22.132958511439764
2011-10-30 08:00:00,73.09688237010687
2011-10-30 09:00:00,129.49388146642823
2011-10-30 10:00:00,255.5530069001767
2011-10-30 11:00:00,382.3971660538105
2011-10-30 12:00:00,449.2644348703882
2011-10-30 13:00:00,474.60357539845324
2011-10-30 14:00:00,486.73198026181325
2011-10-30 15:00:00,470.4552432412645
2011-10-30 16:00:00,341.4591700565285
2011-10-30 17:00:00,243.32363658254425
2011-10-30 18:00:00,251.55467709646055
2011-10-30 19:00:00,272.8943178598967
2011-10-30 20:00:00,127.05611139381928
2011-10-30 21:00:00,100.87855330163028
2011-10-30 22:00:00,64.43644922794891
2011-10-30 23:00:00,40.299397069947815
2011-10-31 00:00:00,17.91178198565154
2011-10-31 01:00:00,7.324884135320031
2011-10-31 02:00:00,3.787097261487903
2011-10-31 03:00:00,4.200146937082318
2011-10-31 04:00:00,3.399924865826889
2011-10-31 05:00:00,15.204290296105581
2011-10-31 06:00:00,91.52909277869273
2011-10-31 07:00:00,213.80902661913984
2011-10-31 08:00:00,538.1959912169443
2011-10-31 09:00:00,195.81440948255127
2011-10-31 10:00:00,121.57285884778423
2011-10-31 11:00:00,158.78311510217998
2011-10-31 12:00:00,250.53369582514762
2011-10-31 13:00:00,255.81989150677174
2011-10-31 14:00:00,214.59345411295513
2011-10-31 15:00:00,201.1603639999771
2011-10-31 16:00:00,325.9553243812097
2011-10-31 17:00:00,538.39568783328275
2011-10-31 18:00:00,341.49759783788454
2011-10-31 19:00:00,251.2979938720125
2011-10-31 20:00:00,189.8662298567511
2011-10-31 21:00:00,109.9217797957983
2011-10-31 22:00:00,82.91928464850452
2011-10-31 23:00:00,40.96509629001472
2011-11-20 00:00:00,109.11525915697801
2011-11-20 01:00:00,60.6290985508382
2011-11-20 02:00:00,43.87738378586649
2011-11-20 03:00:00,15.408261281105366
2011-11-20 04:00:00,8.11128059027665
2011-11-20 05:00:00,5.371515176269445
2011-11-20 06:00:00,13.541746720626575
2011-11-20 07:00:00,52.83695069154614
2011-11-20 08:00:00,88.90860301027836
2011-11-20 09:00:00,192.72059313487568
2011-11-20 10:00:00,289.17381701797376
2011-11-20 11:00:00,362.70643502902317
2011-11-20 12:00:00,490.8936720661504
2011-11-20 13:00:00,575.6419864425027
2011-11-20 14:00:00,482.0680695191983
2011-11-20 15:00:00,477.6273718032627
2011-11-20 16:00:00,427.07519818969826
2011-11-20 17:00:00,396.45934820215524
2011-11-20 18:00:00,472.0822031216445
2011-11-20 19:00:00,247.517499632533
2011-11-20 20:00:00,206.92254241633734
2011-11-20 21:00:00,155.40858813505292
2011-11-20 22:00:00,86.16068224021589
2011-11-20 23:00:00,68.56461102863356
2011-11-21 00:00:00,22.133955869620834
2011-11-21 01:00:00,5.951633127126617
2011-11-21 02:00:00,5.9324970857102866
2011-11-21 03:00:00,3.2098604411114384
2011-11-21 04:00:00,4.605980975096597
2011-11-21 05:00:00,25.897935762204543
2011-11-21 06:00:00,83.80227215607657
2011-11-21 07:00:00,341.00601614488005
2011-11-21 08:00:00,445.325691015738
2011-11-21 09:00:00,221.59370061665405
2011-11-21 10:00:00,121.08024116721836
2011-11-21 11:00:00,135.4796041290291
2011-11-21 12:00:00,201.59487393168013
2011-11-21 13:00:00,199.46600213766445
2011-11-21 14:00:00,180.67745907607173
2011-11-21 15:00:00,140.67840355798344
2011-11-21 16:00:00,228.3770174308568
2011-11-21 17:00:00,234.7099880023991
2011-11-21 18:00:00,344.3480331429881
2011-11-21 19:00:00,288.545314325671
2011-11-21 20:00:00,222.77127504680655
2011-11-21 21:00:00,154.3457996717909
2011-11-21 22:00:00,109.2052044112327
2011-11-21 23:00:00,63.4597220963769
2011-11-22 00:00:00,17.158309356084942
2011-11-22 01:00:00,5.409093414372608
2011-11-22 02:00:00,3.1968360575394432
2011-11-22 03:00:00,2.7088447372702005
2011-11-22 04:00:00,4.454226098693325
2011-11-22 05:00:00,16.126270154160352
2011-11-22 06:00:00,100.87922674087564
2011-11-22 07:00:00,99.05979215626171
2011-11-22 08:00:00,162.16208244783144
2011-11-22 09:00:00,97.01131983757882
2011-11-22 10:00:00,52.24747198313564
2011-11-22 11:00:00,63.019971914809226
2011-11-22 12:00:00,71.55322169231357
2011-11-22 13:00:00,56.98535058946082
2011-11-22 14:00:00,51.65108360718987
2011-11-22 15:00:00,64.37106741981314
2011-11-22 16:00:00,146.38747963679342
2011-11-22 17:00:00,216.71919964441545
2011-11-22 18:00:00,201.7578766312904
2011-11-22 19:00:00,223.6168382960811
2011-11-22 20:00:00,198.30785988647816
2011-11-22 21:00:00,176.16323511486374
2011-11-22 22:00:00,108.31548251854116
2011-11-22 23:00:00,83.96999220453282
2011-11-23 00:00:00,35.092785140308266
2011-11-23 01:00:00,7.297036901540906
2011-11-23 02:00:00,6.2759335995327445
2011-11-23 03:00:00,3.9006863690561433
2011-11-23 04:00:00,3.6441290894791454
2011-11-23 05:00:00,19.528062643565292
2011-11-23 06:00:00,73.92372576552125
2011-11-23 07:00:00,223.62771469998427
2011-11-23 08:00:00,418.68382915322525
2011-11-23 09:00:00,252.6247470041686
2011-11-23 10:00:00,121.1306548017874
2011-11-23 11:00:00,149.24916262789907
2011-11-23 12:00:00,235.93746240265176
2011-11-23 13:00:00,204.59014439624434
2011-11-23 14:00:00,224.44120869151376
2011-11-23 15:00:00,242.9328279551732
2011-11-23 16:00:00,230.64974992278982
2011-11-23 17:00:00,276.2385860575926
2011-11-23 18:00:00,400.009754701041
2011-11-23 19:00:00,315.05013978496913
2011-11-23 20:00:00,268.9282866658426
2011-11-23 21:00:00,164.47850044236196
2011-11-23 22:00:00,181.8618022442095
2011-11-23 23:00:00,109.7074552800222
2011-11-24 00:00:00,36.26680301416312
2011-11-24 01:00:00,33.342459537272475
2011-11-24 02:00:00,22.146825292227422
2011-11-24 03:00:00,7.446130360890228
2011-11-24 04:00:00,8.231035485477651
2011-11-24 05:00:00,14.339886633182196
2011-11-24 06:00:00,58.2878094435854
2011-11-24 07:00:00,114.45376652671288
2011-11-24 08:00:00,277.7162165853069
2011-11-24 09:00:00,238.76130858129815
2011-11-24 10:00:00,407.2074021666795
2011-11-24 11:00:00,329.77493797408715
2011-11-24 12:00:00,314.98329558920045
2011-11-24 13:00:00,362.04566955279023
2011-11-24 14:00:00,373.1070826356147
2011-11-24 15:00:00,350.42379229455486
2011-11-24 16:00:00,479.2311442214388
2011-11-24 17:00:00,371.2530648106618
2011-11-24 18:00:00,316.71921764920506
2011-11-24 19:00:00,314.0971878968608
2011-11-24 20:00:00,217.64181193778984
2011-11-24 21:00:00,211.78694792322042
2011-11-24 22:00:00,148.58997431113556
2011-11-24 23:00:00,97.63586991548506
2011-11-25 00:00:00,54.686869260207196
2011-11-25 01:00:00,25.99082515342306
2011-11-25 02:00:00,9.182571903537134
2011-11-25 03:00:00,5.462062713164131
2011-11-25 04:00:00,6.901031575743218
2011-11-25 05:00:00,32.06683483449324
2011-11-25 06:00:00,108.57822847268908
2011-11-25 07:00:00,264.52851352331743
2011-11-25 08:00:00,529.359843541991
2011-11-25 09:00:00,244.68971538835603
2011-11-25 10:00:00,173.63381435975253
2011-11-25 11:00:00,184.93934816800362
2011-11-25 12:00:00,207.71002923044222
2011-11-25 13:00:00,265.15502003896063
2011-11-25 14:00:00,296.37501502834795
2011-11-25 15:00:00,331.90306351341786
2011-11-25 16:00:00,445.8052180761727
2011-11-25 17:00:00,643.5329980539248
2011-11-25 18:00:00,496.5643722453594
2011-11-25 19:00:00,261.09521245169395
2011-11-25 20:00:00,298.9716802628366
2011-11-25 21:00:00,162.53227205031305
2011-11-25 22:00:00,198.67916813136782
2011-11-25 23:00:00,140.4421427403617
2011-11-26 00:00:00,108.4721950801451
2011-11-26 01:00:00,96.87911040675186
2011-11-26 02:00:00,40.363717092563896
2011-11-26 03:00:00,25.277789108776233
2011-11-26 04:00:00,8.138376861524808
2011-11-26 05:00:00,6.122725300892767
2011-11-26 06:00:00,20.226093030513283
2011-11-26 07:00:00,52.04049032364639
2011-11-26 08:00:00,108.7402469498291
2011-11-26 09:00:00,164.90696869501315
2011-11-26 10:00:00,214.23979975484224
2011-11-26 11:00:00,362.70072766103834
2011-11-26 12:00:00,469.4040847488673
2011-11-26 13:00:00,537.9609677759239
2011-11-26 14:00:00,404.6873122207642
2011-11-26 15:00:00,429.5919021870852
2011-11-26 16:00:00,356.07559404996476
2011-11-26 17:00:00,317.61135937441946
2011-11-26 18:00:00,297.05966476795885
2011-11-26 19:00:00,240.26589279800567
2011-11-26 20:00:00,171.06589544530544
2011-11-26 21:00:00,133.06930653992643
2011-11-26 22:00:00,139.2461259021609
2011-11-26 23:00:00,94.42449693568031
2011-11-27 00:00:00,113.47225105194327
2011-11-27 01:00:00,108.04044066154697
2011-11-27 02:00:00,69.85750865330364
2011-11-27 03:00:00,25.110028717036375
2011-11-27 04:00:00,11.51854702359717
2011-11-27 05:00:00,6.797197961405234
2011-11-27 06:00:00,18.49078184642144
2011-11-27 07:00:00,48.75732116177849
2011-11-27 08:00:00,90.22821870727107
2011-11-27 09:00:00,177.99145002917598
2011-11-27 10:00:00,274.2628916003116
2011-11-27 11:00:00,420.98423503355446
2011-11-27 12:00:00,537.20784033414
2011-11-27 13:00:00,585.4616964452998
2011-11-27 14:00:00,546.8606263612138
2011-11-27 15:00:00,459.7101402095986
2011-11-27 16:00:00,499.5122422418727
2011-11-27 17:00:00,439.58502870290005
2011-11-27 18:00:00,352.7411765791907
2011-11-27 19:00:00,257.8729106956292
2011-11-27 20:00:00,217.48412394150182
2011-11-27 21:00:00,136.26737780913126
2011-11-27 22:00:00,101.2265977120253
2011-11-27 23:00:00,69.61489637705041
2011-11-28 00:00:00,39.06289555844162
2011-11-28 01:00:00,15.854067078891244
2011-11-28 03:00:00,5.440801875504483
2011-11-28 04:00:00,7.357882027587421
2011-11-28 05:00:00,32.735506102065486
2011-11-28 06:00:00,125.0395354069051
2011-11-28 07:00:00,337.16401900452894
2011-11-28 08:00:00,404.3397297279614
2011-11-28 09:00:00,349.97175770416817
2011-11-28 10:00:00,142.95114898269102
2011-11-28 11:00:00,172.62154364595253
2011-11-28 12:00:00,218.36885885788732
2011-11-28 13:00:00,203.20807255320085
2011-11-28 14:00:00,204.3201895836475
2011-11-28 15:00:00,237.0422401485571
2011-11-28 16:00:00,352.6634766917974
2011-11-28 17:00:00,659.542014804024
2011-11-28 18:00:00,631.8950474483202
2011-11-28 19:00:00,431.6172564483768
2011-11-28 20:00:00,321.3039322399185
2011-11-28 21:00:00,229.09786384257916
2011-11-28 22:00:00,123.60635448757412
2011-11-28 23:00:00,64.49005712430557
2011-11-29 00:00:00,31.450684984348815
2011-11-29 01:00:00,12.727931682095358
2011-11-29 02:00:00,3.1806813418375146
2011-11-29 03:00:00,3.43225826719228
2011-11-29 04:00:00,5.337608077124166
2011-11-29 05:00:00,24.934587684381317
2011-11-29 06:00:00,127.73495666786495
2011-11-29 07:00:00,366.11148436111523
2011-11-29 08:00:00,579.6739895105096
2011-11-29 09:00:00,254.9045759475026
2011-11-29 10:00:00,147.71349363535464
2011-11-29 11:00:00,67.15981778235405
2011-11-29 12:00:00,127.64977370913147
2011-11-29 13:00:00,89.3543120706777
2011-11-29 14:00:00,65.71113555679578
2011-11-29 15:00:00,87.4799651707101
2011-11-29 16:00:00,171.3141315005613
2011-11-29 17:00:00,398.48009493071555
2011-11-29 18:00:00,301.68803937580566
2011-11-29 19:00:00,182.71371907733126
2011-11-29 20:00:00,219.55546759909572
2011-11-29 21:00:00,142.729990365157
2011-11-29 22:00:00,128.3269566634717
2011-11-29 23:00:00,67.05230229778151
2011-11-30 00:00:00,54.45931602743994
2011-11-30 01:00:00,15.261833178826922
2011-11-30 02:00:00,5.989273026999919
2011-11-30 03:00:00,4.2285126193996225
2011-11-30 04:00:00,5.825206877516589
2011-11-30 05:00:00,37.18511782407328
2011-11-30 06:00:00,87.90811606213745
2011-11-30 07:00:00,332.53101415784334
2011-11-30 08:00:00,631.2442496569553
2011-11-30 09:00:00,245.14810201748494
2011-11-30 10:00:00,139.3654937519602
2011-11-30 11:00:00,200.64391938868735
2011-11-30 12:00:00,230.00121749275755
2011-11-30 13:00:00,253.81250404427345
2011-11-30 14:00:00,233.89551897346513
2011-11-30 15:00:00,211.3289588345741
2011-11-30 16:00:00,304.3443149954228
2011-11-30 17:00:00,536.6230878704199
2011-11-30 18:00:00,453.2155394843124
2011-11-30 19:00:00,356.70199058693737
2011-11-30 20:00:00,270.296818589391
2011-11-30 21:00:00,156.42617466398534
2011-11-30 22:00:00,131.33112246943054
2011-11-30 23:00:00,58.14329440238904
2011-12-20 00:00:00,30.609974564784363
2011-12-20 01:00:00,15.849599861675259
2011-12-20 02:00:00,3.6123132935072517
2011-12-20 03:00:00,3.609413362442045
2011-12-20 04:00:00,7.900277371002509
2011-12-20 05:00:00,38.84019935813254
2011-12-20 06:00:00,137.64151343131525
2011-12-20 07:00:00,354.73592996164444
2011-12-20 08:00:00,574.4056519269843
2011-12-20 09:00:00,246.5863815129015
2011-12-20 10:00:00,175.35849950216638
2011-12-20 11:00:00,173.66097326146962
2011-12-20 12:00:00,221.42280202043625
2011-12-20 13:00:00,208.0483411422377
2011-12-20 14:00:00,165.21676183875363
2011-12-20 15:00:00,184.04133329839635
2011-12-20 16:00:00,296.8057964963254
2011-12-20 17:00:00,612.5932920395104
2011-12-20 18:00:00,458.88184689712483
2011-12-20 19:00:00,264.16359876701364
2011-12-20 20:00:00,156.55437246507387
2011-12-20 21:00:00,124.48762983755854
2011-12-20 22:00:00,107.4307041732794
2011-12-20 23:00:00,94.56963424018878
2011-12-21 00:00:00,21.928358636130348
2011-12-21 01:00:00,6.788776985280361
2011-12-21 02:00:00,4.663196252723563
2011-12-21 03:00:00,3.439529314285036
2011-12-21 04:00:00,3.1505425092342776
2011-12-21 05:00:00,22.68399290300381
2011-12-21 06:00:00,70.38550255329596
2011-12-21 07:00:00,196.9918965920697
2011-12-21 08:00:00,186.54678045480247
2011-12-21 09:00:00,136.7061600259247
2011-12-21 10:00:00,84.18692845734542
2011-12-21 11:00:00,88.16141262890947
2011-12-21 12:00:00,53.37288202270921
2011-12-21 13:00:00,20.640497794819183
2011-12-21 14:00:00,72.09942946364703
2011-12-21 15:00:00,74.47542092970902
2011-12-21 16:00:00,24.881746310265406
2011-12-21 17:00:00,44.926045734200564
2011-12-21 18:00:00,52.17477507986795
2011-12-21 19:00:00,95.90588699272662
2011-12-21 20:00:00,79.54604987843561
2011-12-21 21:00:00,107.06827150412836
2011-12-21 22:00:00,96.01190541193728
2011-12-21 23:00:00,67.84596103951239
2011-12-22 00:00:00,32.63818530043224
2011-12-22 01:00:00,12.729397466402496
2011-12-22 02:00:00,10.683742078749132
2011-12-22 03:00:00,4.0519989766177735
2011-12-22 04:00:00,3.931957550609819
2011-12-22 05:00:00,30.961817600356902
2011-12-22 06:00:00,133.21456483242676
2011-12-22 07:00:00,278.56144736116266
2011-12-22 08:00:00,664.8518080850955
2011-12-22 09:00:00,237.013984195735
2011-12-22 10:00:00,106.98615691290458
2011-12-22 11:00:00,167.89674708231152
2011-12-22 12:00:00,171.15948248589717
2011-12-22 13:00:00,155.5392894566331
2011-12-22 14:00:00,129.254214512055
2011-12-22 15:00:00,150.13196345382596
2011-12-22 16:00:00,210.2732226607712
2011-12-22 17:00:00,418.2751578053527
2011-12-22 18:00:00,316.419879609731
2011-12-22 19:00:00,276.2736260185051
2011-12-22 20:00:00,123.94265184951395
2011-12-22 21:00:00,107.61604930356204
2011-12-22 22:00:00,98.07981385035546
2011-12-22 23:00:00,72.03410329105557
2011-12-23 00:00:00,27.47073671984139
2011-12-23 01:00:00,12.116427167806785
2011-12-23 02:00:00,9.36509740269637
2011-12-23 03:00:00,4.70251284834858
2011-12-23 04:00:00,2.19615018411216
2011-12-23 05:00:00,17.953557698089636
2011-12-23 06:00:00,88.03009774104311
2011-12-23 07:00:00,214.49452755185746
2011-12-23 08:00:00,216.9173925482561
2011-12-23 09:00:00,153.00824807379593
2011-12-23 10:00:00,123.46862931260003
2011-12-23 11:00:00,141.733089403331
2011-12-23 12:00:00,195.85587085583768
2011-12-23 13:00:00,181.32122388896138
2011-12-23 14:00:00,144.7623402119761
2011-12-23 15:00:00,143.98826564924806
2011-12-23 16:00:00,185.09170803461035
2011-12-23 17:00:00,288.37832946143624
2011-12-23 18:00:00,229.00448064977394
2011-12-23 19:00:00,171.1190877287528
2011-12-23 20:00:00,104.98041244763019
2011-12-23 21:00:00,92.63768832326039
2011-12-23 22:00:00,75.5795884432795
2011-12-23 23:00:00,74.46157228469278
2011-12-24 00:00:00,56.643865576024986
2011-12-24 01:00:00,30.40710894171388
2011-12-24 02:00:00,39.361883268952376
2011-12-24 03:00:00,16.652062686973014
2011-12-24 04:00:00,4.125733074803036
2011-12-24 05:00:00,2.9569657726307765
2011-12-24 06:00:00,6.311924392918273
2011-12-24 07:00:00,25.565830501084505
2011-12-24 08:00:00,63.87253384058427
2011-12-24 09:00:00,95.33680734973088
2011-12-24 10:00:00,127.03902755128556
2011-12-24 11:00:00,150.88351306018282
2011-12-24 12:00:00,229.200356109031
2011-12-24 13:00:00,224.7446066381837
2011-12-24 14:00:00,202.0935284280783
2011-12-24 15:00:00,191.28849799900965
2011-12-24 16:00:00,205.09298054453754
2011-12-24 17:00:00,86.50351517421677
2011-12-24 18:00:00,112.98034432526327
2011-12-24 19:00:00,101.74623518176305
2011-12-24 20:00:00,64.52084647864295
2011-12-24 21:00:00,59.30137789021992
2011-12-24 22:00:00,53.09384025604192
2011-12-24 23:00:00,42.07509249199061
2011-12-25 00:00:00,42.56334727072619
2011-12-25 01:00:00,31.119384629171268
2011-12-25 02:00:00,33.800670270549524
2011-12-25 03:00:00,15.10026992941791
2011-12-25 05:00:00,3.496424284439322
2011-12-25 06:00:00,3.993601215722374
2011-12-25 07:00:00,10.333347250769542
2011-12-25 08:00:00,35.494945176051466
2011-12-25 09:00:00,121.06424947376695
2011-12-25 10:00:00,97.03981932184672
2011-12-25 11:00:00,189.59328131802633
2011-12-25 12:00:00,154.80470050501742
2011-12-25 13:00:00,208.74762055319002
2011-12-25 14:00:00,170.21795697734072
2011-12-25 15:00:00,174.21227128868517
2011-12-25 16:00:00,179.1579300843189
2011-12-25 17:00:00,117.8309381692263
2011-12-25 18:00:00,116.83745230975356
2011-12-25 19:00:00,105.96024779695277
2011-12-25 20:00:00,74.5287444948952
2011-12-25 21:00:00,77.23261060285407
2011-12-25 22:00:00,44.08909373652363
2011-12-25 23:00:00,26.603741775874695
2011-12-26 00:00:00,14.1070797146638
2011-12-26 01:00:00,12.383306500507496
2011-12-26 02:00:00,10.48146960097981
2011-12-26 04:00:00,2.494428782710829
2011-12-26 05:00:00,3.8275442357766325
2011-12-26 06:00:00,8.27739455532651
2011-12-26 07:00:00,27.19520047087446
2011-12-26 08:00:00,82.38215491478115
2011-12-26 09:00:00,90.80615536467425
2011-12-26 10:00:00,153.92899028731398
2011-12-26 11:00:00,125.09565370662936
2011-12-26 12:00:00,184.63614911499235
2011-12-26 13:00:00,203.18142758126348
2011-12-26 14:00:00,202.0582616580025
2011-12-26 15:00:00,198.2775082708275
2011-12-26 16:00:00,243.50876804844572
2011-12-26 17:00:00,163.76540150410116
2011-12-26 18:00:00,80.4133214013872
2011-12-26 19:00:00,91.3919337838457
2011-12-26 20:00:00,91.54253626339093
2011-12-26 21:00:00,48.634893178582445
2011-12-26 22:00:00,35.505313441702754
2011-12-26 23:00:00,33.585145207945004
2011-12-27 00:00:00,11.492339348457172
2011-12-27 01:00:00,4.6492901583725414
2011-12-27 02:00:00,2.1229401993922528
2011-12-27 03:00:00,3.3453035598921455
2011-12-27 04:00:00,1.9916494700346168
2011-12-27 05:00:00,15.120877035370059
2011-12-27 06:00:00,94.95602293523659
2011-12-27 07:00:00,258.7369431419054
2011-12-27 08:00:00,444.9939149976467
2011-12-27 09:00:00,115.06560821730012
2011-12-27 10:00:00,68.13794492408859
2011-12-27 11:00:00,54.305101750393135
2011-12-27 12:00:00,41.04283587222162
2011-12-27 13:00:00,64.99598288106174
2011-12-27 14:00:00,48.54928973378891
2011-12-27 15:00:00,54.00620923170966
2011-12-27 16:00:00,82.48144323498353
2011-12-27 17:00:00,390.74745147506025
2011-12-27 18:00:00,201.65573209352914
2011-12-27 19:00:00,160.46523524673015
2011-12-27 20:00:00,95.46900606614803
2011-12-27 21:00:00,88.74100445562249
2011-12-27 22:00:00,60.88581385734601
2011-12-27 23:00:00,29.79203555661165
2011-12-28 00:00:00,12.446664375030332
2011-12-28 01:00:00,7.058981384096837
2011-12-28 02:00:00,3.21814236534604
2011-12-28 03:00:00,2.4741806726243434
2011-12-28 05:00:00,19.29931142770667
2011-12-28 06:00:00,75.75197983896314
2011-12-28 07:00:00,224.43350324640144
2011-12-28 08:00:00,434.9242802208728
2011-12-28 09:00:00,197.53181088229996
2011-12-28 10:00:00,89.92587927141824
2011-12-28 11:00:00,115.42714867883497
2011-12-28 12:00:00,120.36298896095542
2011-12-28 13:00:00,118.86409771027871
2011-12-28 14:00:00,85.6999630204811
2011-12-28 15:00:00,91.66265492994174
2011-12-28 16:00:00,142.90841627993876
2011-12-28 17:00:00,166.47906979370018
2011-12-28 18:00:00,262.0588726656858
2011-12-28 19:00:00,177.78397184370124
2011-12-28 20:00:00,125.39491853347319
2011-12-28 21:00:00,61.888846946972315
2011-12-28 22:00:00,51.01051918004862
2011-12-28 23:00:00,26.529722669981453
2011-12-29 00:00:00,14.834211937976981
2011-12-29 01:00:00,6.750480776683137
2011-12-29 02:00:00,3.5746742189184233
2011-12-29 03:00:00,2.086183465785623
2011-12-29 04:00:00,1.679742717593443
2011-12-29 05:00:00,11.774424295764863
2011-12-29 06:00:00,59.38955482691929
2011-12-29 07:00:00,174.46315970047317
2011-12-29 08:00:00,329.84570759149346
2011-12-29 09:00:00,200.93354351098495
2011-12-29 10:00:00,65.50256674145541
2011-12-29 11:00:00,126.03591739857727
2011-12-29 12:00:00,138.22319369437008
2011-12-29 13:00:00,108.76591641736577
2011-12-29 14:00:00,107.7182152777888
2011-12-29 15:00:00,121.93141208818048
2011-12-29 16:00:00,159.0012445052044
2011-12-29 17:00:00,281.15563753356867
2011-12-29 18:00:00,321.54962120189975
2011-12-29 19:00:00,230.8030062594139
2011-12-29 20:00:00,82.22038994222144
2011-12-29 21:00:00,106.88881363721748
2011-12-29 22:00:00,64.96121859678952
2011-12-29 23:00:00,57.64893850529215
2011-12-30 00:00:00,27.801034776705105
2011-12-30 01:00:00,8.681564162315308
2011-12-30 02:00:00,7.715155680751755
2011-12-30 03:00:00,4.547970009439685
2011-12-30 04:00:00,2.706146797963845
2011-12-30 05:00:00,12.351747136258163
2011-12-30 06:00:00,63.412896972256
2011-12-30 07:00:00,135.5660687958896
2011-12-30 08:00:00,406.2100010226582
2011-12-30 09:00:00,217.30033354452362
2011-12-30 10:00:00,66.9515990065087
2011-12-30 11:00:00,97.88255755881076
2011-12-30 12:00:00,153.35958852218016
2011-12-30 13:00:00,128.93411881907386
2011-12-30 14:00:00,156.5911050372061
2011-12-30 15:00:00,179.40139760797132
2011-12-30 16:00:00,208.46939660375597
2011-12-30 17:00:00,417.79296849020733
2011-12-30 18:00:00,257.3467959370167
2011-12-30 19:00:00,126.02041291126831
2011-12-30 20:00:00,115.43353349002767
2011-12-30 21:00:00,81.23971218067487
2011-12-30 22:00:00,79.60949498325228
2011-12-30 23:00:00,48.2370080245088
2011-12-31 00:00:00,46.83095913365638
2011-12-31 01:00:00,21.598893530460355
2011-12-31 02:00:00,20.195730679179913
2011-12-31 03:00:00,8.590188663663422
2011-12-31 04:00:00,3.229096409475793
2011-12-31 05:00:00,2.21851524667745
2011-12-31 06:00:00,9.845896576282318
2011-12-31 07:00:00,14.050620778022607
2011-12-31 08:00:00,66.27175132784097
2011-12-31 09:00:00,73.5194299672003
2011-12-31 10:00:00,111.70274643068379
2011-12-31 11:00:00,257.90808062210283
2011-12-31 12:00:00,397.586720266864
2011-12-31 13:00:00,277.6632514720129
2011-12-31 14:00:00,252.33183565872918
2011-12-31 15:00:00,211.88644435545868
2011-12-31 16:00:00,196.8284270047427
2011-12-31 17:00:00,198.42637966648735
2011-12-31 18:00:00,183.9847382556238
2011-12-31 19:00:00,151.65205763195266
2011-12-31 20:00:00,132.19206277317423
2011-12-31 21:00:00,88.40582713469658
2011-12-31 22:00:00,71.52142963030805
2011-12-31 23:00:00,59.74443029795534
2012-01-20 00:00:00,29.623279846713967
2012-01-20 01:00:00,9.555995607804086
2012-01-20 02:00:00,5.859207243688977
2012-01-20 03:00:00,4.820668318852791
2012-01-20 04:00:00,3.545274473323879
2012-01-20 05:00:00,19.164450966499697
2012-01-20 06:00:00,52.950258848779754
2012-01-20 07:00:00,139.0419699046029
2012-01-20 08:00:00,276.5608312792773
2012-01-20 09:00:00,161.78478987300613
2012-01-20 10:00:00,55.89645265277717
2012-01-20 11:00:00,41.77249273114081
2012-01-20 12:00:00,54.80496772861718
2012-01-20 13:00:00,79.04543183939082
2012-01-20 14:00:00,53.80681865252908
2012-01-20 15:00:00,60.446516962181995
2012-01-20 16:00:00,84.60541696067236
2012-01-20 17:00:00,153.58359539415792
2012-01-20 18:00:00,138.62120265124014
2012-01-20 19:00:00,112.74666876414078
2012-01-20 20:00:00,76.54988350220715
2012-01-20 21:00:00,73.35096502988362
2012-01-20 22:00:00,46.22932557232809
2012-01-20 23:00:00,14.84805062497636
2012-01-21 00:00:00,18.731597100257854
2012-01-21 01:00:00,17.72126615591206
2012-01-21 02:00:00,16.121122785397937
2012-01-21 03:00:00,8.702930526077866
2012-01-21 04:00:00,3.732579580722486
2012-01-21 05:00:00,2.7451778210684505
2012-01-21 06:00:00,3.0192673571311848
2012-01-21 07:00:00,7.719873437670091
2012-01-21 08:00:00,26.96335319182752
2012-01-21 09:00:00,41.50383083565432
2012-01-21 10:00:00,27.528459377122864
2012-01-21 11:00:00,102.02870081111422
2012-01-21 12:00:00,147.81178354148938
2012-01-21 13:00:00,82.99642154744453
2012-01-21 14:00:00,66.9468104262326
2012-01-21 15:00:00,75.1013546340174
2012-01-21 16:00:00,79.13790618093597
2012-01-21 17:00:00,72.40329684364761
2012-01-21 18:00:00,55.94605016445098
2012-01-21 19:00:00,33.30640438783792
2012-01-21 20:00:00,37.72068926130658
2012-01-21 21:00:00,33.617237865764764
2012-01-21 22:00:00,33.21000705376557
2012-01-21 23:00:00,35.05385942141452
2012-01-22 00:00:00,32.98460902514795
2012-01-22 01:00:00,24.696816220911806
2012-01-22 02:00:00,25.043998601231923
2012-01-22 03:00:00,7.801399722904822
2012-01-22 04:00:00,2.9575389895884205
2012-01-22 05:00:00,2.3052712368976884
2012-01-22 06:00:00,3.680506574519737
2012-01-22 07:00:00,7.391928208834752
2012-01-22 08:00:00,25.571670531489577
2012-01-22 09:00:00,51.951679435947526
2012-01-22 10:00:00,79.28940968908583
2012-01-22 11:00:00,40.259687050614616
2012-01-22 12:00:00,105.17496990377516
2012-01-22 13:00:00,117.82009473743908
2012-01-22 14:00:00,108.76368630411773
2012-01-22 15:00:00,105.21349318149745
2012-01-22 16:00:00,111.41851899358882
2012-01-22 17:00:00,96.97515235436913
2012-01-22 18:00:00,48.05151591163881
2012-01-22 19:00:00,44.09728307942082
2012-01-22 20:00:00,35.414987122779955
2012-01-22 21:00:00,31.73287956168908
2012-01-22 22:00:00,29.68011873805609
2012-01-22 23:00:00,28.385890006057313
2012-01-23 00:00:00,7.614910349723324
2012-01-23 01:00:00,6.449865829948141
2012-01-23 02:00:00,3.0103213905907116
2012-01-23 03:00:00,1.365390214508428
2012-01-23 04:00:00,1.9849172264815538
2012-01-23 05:00:00,8.27041925427952
2012-01-23 06:00:00,43.030380325401424
2012-01-23 07:00:00,56.444398367864075
2012-01-23 08:00:00,432.0923240164861
2012-01-23 09:00:00,196.79220226698646
2012-01-23 10:00:00,61.10668722296705
2012-01-23 11:00:00,72.39190462782658
2012-01-23 12:00:00,60.75730613254636
2012-01-23 13:00:00,38.4239485505574
2012-01-23 14:00:00,44.03855113720297
2012-01-23 15:00:00,41.8240042856669
2012-01-23 16:00:00,102.3853512864586
2012-01-23 17:00:00,185.19711881249208
2012-01-23 18:00:00,185.30347321611896
2012-01-23 19:00:00,177.97549463215387
2012-01-23 20:00:00,95.54228095173949
2012-01-23 21:00:00,61.490556475110466
2012-01-23 22:00:00,51.58112265505651
2012-01-23 23:00:00,34.73513341636696
2012-01-24 00:00:00,9.50290143380079
2012-01-24 01:00:00,6.302317033402905
2012-01-24 02:00:00,3.3816580822422586
2012-01-24 03:00:00,2.121628162232911
2012-01-24 04:00:00,1.8680934057536627
2012-01-24 05:00:00,10.11068144603409
2012-01-24 06:00:00,44.49563447896704
2012-01-24 07:00:00,187.74578216507066
2012-01-24 08:00:00,378.96820747900136
2012-01-24 09:00:00,167.30080422588193
2012-01-24 10:00:00,57.924762707042
2012-01-24 11:00:00,85.98456839325597
2012-01-24 12:00:00,96.60380721625718
2012-01-24 13:00:00,90.5372299292101
2012-01-24 14:00:00,56.400060223040086
2012-01-24 15:00:00,110.07121100879799
2012-01-24 16:00:00,204.85908829583755
2012-01-24 17:00:00,425.3010697351693
2012-01-24 18:00:00,318.4508880678716
2012-01-24 19:00:00,279.23956367177817
2012-01-24 20:00:00,93.84241287431011
2012-01-24 21:00:00,106.1994538258521
2012-01-24 22:00:00,62.80269327737554
2012-01-24 23:00:00,39.183390487294695
2012-01-25 00:00:00,5.592322405748687
2012-01-25 01:00:00,6.754588512224959
2012-01-25 02:00:00,3.7751147206964513
2012-01-25 03:00:00,2.53567752674463
2012-01-25 04:00:00,1.1297630173103903
2012-01-25 05:00:00,9.260350169748609
2012-01-25 06:00:00,69.16305858549667
2012-01-25 07:00:00,146.65597846146915
2012-01-25 08:00:00,353.76211198381736
2012-01-25 09:00:00,158.4455642090084
2012-01-25 10:00:00,79.21107214557698
2012-01-25 11:00:00,111.81556329410263
2012-01-25 12:00:00,132.63770685375016
2012-01-25 13:00:00,123.88462878176942
2012-01-25 14:00:00,103.6806951184902
2012-01-25 15:00:00,119.85446892461587
2012-01-25 16:00:00,187.57665771358626
2012-01-25 17:00:00,317.3411381077729
2012-01-25 18:00:00,226.41551300434907
2012-01-25 19:00:00,183.2480504667855
2012-01-25 20:00:00,132.1011358707379
2012-01-25 21:00:00,68.2746728420088
2012-01-25 22:00:00,56.65396817939189
2012-01-25 23:00:00,28.526838243486598
2012-01-26 00:00:00,15.908617792313352
2012-01-26 01:00:00,8.065428812553852
2012-01-26 02:00:00,4.003747325325293
2012-01-26 03:00:00,2.3256734146998093
2012-01-26 04:00:00,2.9094250778843906
2012-01-26 05:00:00,15.389353770158712
2012-01-26 06:00:00,73.59161226505417
2012-01-26 07:00:00,208.77031659276548
2012-01-26 08:00:00,416.4484148126277
2012-01-26 09:00:00,221.2402194075302
2012-01-26 10:00:00,80.43690645612415
2012-01-26 11:00:00,105.45046029530278
2012-01-26 12:00:00,120.99793824627058
2012-01-26 13:00:00,151.99651508884526
2012-01-26 14:00:00,109.48404673675982
2012-01-26 15:00:00,130.3232012510938
2012-01-26 16:00:00,197.4093070347173
2012-01-26 17:00:00,479.28439122488186
2012-01-26 18:00:00,334.4129140970126
2012-01-26 19:00:00,242.453494674899
2012-01-26 20:00:00,215.4278019787015
2012-01-26 21:00:00,143.58730738267366
2012-01-26 22:00:00,136.95931805931673
2012-01-26 23:00:00,67.16103471665228
2012-01-27 00:00:00,33.82393570447419
2012-01-27 01:00:00,16.323349682007134
2012-01-27 02:00:00,10.587473877855881
2012-01-27 03:00:00,2.7133304077626663
2012-01-27 04:00:00,1.605451464863517
2012-01-27 05:00:00,12.198991249518686
2012-01-27 06:00:00,37.16533501781664
2012-01-27 07:00:00,71.5487863292505
2012-01-27 08:00:00,143.02764992413918
2012-01-27 09:00:00,109.04722486097918
2012-01-27 10:00:00,47.97465934580445
2012-01-27 11:00:00,137.16499438830752
2012-01-27 12:00:00,202.53691087119722
2012-01-27 13:00:00,223.29824530101055
2012-01-27 14:00:00,172.2352729686452
2012-01-27 15:00:00,134.4956925874213
2012-01-27 16:00:00,181.2429074155124
2012-01-27 17:00:00,250.51613526560303
2012-01-27 18:00:00,248.5052144554138
2012-01-27 19:00:00,151.7457323216044
2012-01-27 20:00:00,109.57095209672782
2012-01-27 21:00:00,70.7499574830865
2012-01-27 22:00:00,91.54288547111976
2012-01-27 23:00:00,50.484621640211756
2012-01-28 00:00:00,39.98429749831244
2012-01-28 01:00:00,36.132630538170744
2012-01-28 02:00:00,35.11930108652866
2012-01-28 03:00:00,18.610857655662873
2012-01-28 04:00:00,3.174069110189221
2012-01-28 05:00:00,2.472471612621151
2012-01-28 06:00:00,5.711966538360465
2012-01-28 07:00:00,5.855657288234075
2012-01-28 08:00:00,36.30651299789956
2012-01-28 09:00:00,61.923443390267465
2012-01-28 10:00:00,150.45869042720588
2012-01-28 11:00:00,199.61586106658402
2012-01-28 12:00:00,164.45520854186904
2012-01-28 13:00:00,186.2768274186768
2012-01-28 14:00:00,166.8708903547991
2012-01-28 15:00:00,223.75475186833495
2012-01-28 16:00:00,260.2249178423125
2012-01-28 17:00:00,203.60671037790075
2012-01-28 18:00:00,206.54183587296657
2012-01-28 19:00:00,97.68541850481508
2012-01-28 20:00:00,82.82598560729487
2012-01-28 21:00:00,79.31402660674355
2012-01-28 22:00:00,80.30763799309759
2012-01-28 23:00:00,51.611765817501286
2012-01-29 00:00:00,64.99929916313755
2012-01-29 01:00:00,34.55478494126499
2012-01-29 02:00:00,32.519274695992365
2012-01-29 03:00:00,8.51490202728523
2012-01-29 04:00:00,2.160307341376622
2012-01-29 05:00:00,2.209242609022129
2012-01-29 06:00:00,4.481034650883789
2012-01-29 07:00:00,11.814092724174982
2012-01-29 08:00:00,31.142957692755342
2012-01-29 09:00:00,58.30860290908414
2012-01-29 10:00:00,134.5604178935122
2012-01-29 11:00:00,128.57992475480316
2012-01-29 12:00:00,229.0324370045765
2012-01-29 13:00:00,222.65328963616656
2012-01-29 14:00:00,224.0076541441465
2012-01-29 15:00:00,288.92861682072373
2012-01-29 16:00:00,160.75855847461315
2012-01-29 17:00:00,143.20207769409294
2012-01-29 18:00:00,119.9719719230886
2012-01-29 19:00:00,107.07919764547583
2012-01-29 20:00:00,62.32679644302853
2012-01-29 21:00:00,51.66861022458722
2012-01-29 22:00:00,33.11062036372574
2012-01-29 23:00:00,21.399562250453446
2012-01-30 00:00:00,10.97048884851369
2012-01-30 01:00:00,3.0413016983381813
2012-01-30 02:00:00,2.456019590748697
2012-01-30 03:00:00,1.9123703689405216
2012-01-30 04:00:00,1.9539974158376314
2012-01-30 05:00:00,7.736314247718802
2012-01-30 06:00:00,51.781511612923374
2012-01-30 07:00:00,133.95888706291834
2012-01-30 08:00:00,184.81293273646656
2012-01-30 09:00:00,118.339788159887
2012-01-30 10:00:00,53.6887717750309
2012-01-30 11:00:00,76.1596912436197
2012-01-30 12:00:00,115.44635922105392
2012-01-30 13:00:00,91.53869506629252
2012-01-30 14:00:00,111.600579527042
2012-01-30 15:00:00,106.31745954035443
2012-01-30 16:00:00,160.98861323543167
2012-01-30 17:00:00,302.1696218859637
2012-01-30 18:00:00,316.23585861867474
2012-01-30 19:00:00,193.89694989342294
2012-01-30 20:00:00,115.67917616916742
2012-01-30 21:00:00,99.38701136815628
2012-01-30 22:00:00,49.845021367619815
2012-01-30 23:00:00,31.910548840624934
2012-01-31 00:00:00,18.28936707161765
2012-01-31 01:00:00,8.01172356275164
2012-01-31 02:00:00,4.858269369476998
2012-01-31 03:00:00,3.85959576257013
2012-01-31 04:00:00,3.864920024140792
2012-01-31 05:00:00,24.429804448939162
2012-01-31 06:00:00,77.30748010199962
2012-01-31 07:00:00,217.98715314469206
2012-01-31 08:00:00,378.7770686189883
2012-01-31 09:00:00,273.3494879332593
2012-01-31 10:00:00,89.64848845684753
2012-01-31 11:00:00,117.071399898632
2012-01-31 12:00:00,152.75783554708795
2012-01-31 13:00:00,190.8276962131994
2012-01-31 14:00:00,174.6824211891891
2012-01-31 15:00:00,180.83242989853983
2012-01-31 16:00:00,224.56249727395442
2012-01-31 17:00:00,523.0327238051535
2012-01-31 18:00:00,550.5972978209826
2012-01-31 19:00:00,353.96780111359317
2012-01-31 20:00:00,180.1623063719452
2012-01-31 21:00:00,162.53723221730894
2012-01-31 22:00:00,111.86158603760173
2012-01-31 23:00:00,69.38367990532277
2012-02-20 00:00:00,34.03705711604735
2012-02-20 01:00:00,24.951649348064446
2012-02-20 02:00:00,19.672342486318723
2012-02-20 03:00:00,5.236508226524393
2012-02-20 05:00:00,3.457855597004626
2012-02-20 06:00:00,10.469785902911276
2012-02-20 07:00:00,17.137997996321
2012-02-20 08:00:00,70.14590639344145
2012-02-20 09:00:00,105.53481810365925
2012-02-20 10:00:00,118.31857282988378
2012-02-20 11:00:00,142.8826601529153
2012-02-20 12:00:00,202.91633103481578
2012-02-20 13:00:00,206.91958238679635
2012-02-20 14:00:00,146.70318949735562
2012-02-20 15:00:00,164.4533265121351
2012-02-20 16:00:00,120.16583160185749
2012-02-20 17:00:00,160.2622907914641
2012-02-20 18:00:00,158.2932476067341
2012-02-20 19:00:00,122.48185473973935
2012-02-20 20:00:00,80.7716373651056
2012-02-20 21:00:00,68.28460311389493
2012-02-20 22:00:00,43.34792073839917
2012-02-20 23:00:00,21.183274410842152
2012-02-21 00:00:00,9.243387438584143
2012-02-21 01:00:00,5.297156499035225
2012-02-21 02:00:00,3.152531800983545
2012-02-21 04:00:00,2.3875382200611384
2012-02-21 05:00:00,10.296932123320522
2012-02-21 06:00:00,38.49425922104249
2012-02-21 07:00:00,144.75971716934967
2012-02-21 08:00:00,265.40320308860385
2012-02-21 09:00:00,122.91269704935183
2012-02-21 10:00:00,68.03905007673094
2012-02-21 11:00:00,65.66130284570148
2012-02-21 12:00:00,123.84511538516244
2012-02-21 13:00:00,106.38130511202847
2012-02-21 14:00:00,86.37726449377276
2012-02-21 15:00:00,102.49442695231002
2012-02-21 16:00:00,124.58787040708187
2012-02-21 17:00:00,341.0549635636985
2012-02-21 18:00:00,321.9327062576903
2012-02-21 19:00:00,211.98760486151895
2012-02-21 20:00:00,143.6997069527739
2012-02-21 21:00:00,139.64714694625602
2012-02-21 22:00:00,76.91595682934769
2012-02-21 23:00:00,53.44049502314493
2012-02-22 00:00:00,15.290143053753479
2012-02-22 01:00:00,7.9088315361663355
2012-02-22 02:00:00,2.9214456682371677
2012-02-22 03:00:00,2.4589318454701834
2012-02-22 04:00:00,2.2510329681969234
2012-02-22 05:00:00,15.953246968703686
2012-02-22 06:00:00,60.35812342294969
2012-02-22 07:00:00,165.3572101187504
2012-02-22 08:00:00,402.5272031552526
2012-02-22 09:00:00,233.51617854677315
2012-02-22 10:00:00,102.5234128289132
2012-02-22 11:00:00,80.9688816145586
2012-02-22 12:00:00,103.39336014511994
2012-02-22 13:00:00,121.50928188667095
2012-02-22 14:00:00,113.65018860344497
2012-02-22 15:00:00,126.10535040986056
2012-02-22 16:00:00,154.77347921786733
2012-02-22 17:00:00,371.4873457618275
2012-02-22 18:00:00,347.6573157984479
2012-02-22 19:00:00,277.4587685632482
2012-02-22 20:00:00,189.09814729552738
2012-02-22 21:00:00,109.92429573446775
2012-02-22 22:00:00,93.80559286633202
2012-02-22 23:00:00,50.64831767306686
2012-02-23 00:00:00,19.532975186229482
2012-02-23 01:00:00,7.460728707612345
2012-02-23 02:00:00,5.084394769187436
2012-02-23 03:00:00,2.5174638512077125
2012-02-23 04:00:00,1.954405326970075
2012-02-23 05:00:00,14.78712777204079
2012-02-23 06:00:00,91.37864313398778
2012-02-23 07:00:00,199.86444664086235
2012-02-23 08:00:00,555.90009269921
2012-02-23 09:00:00,193.3352550133381
2012-02-23 10:00:00,102.1581460666592
2012-02-23 11:00:00,128.5981969353925
2012-02-23 12:00:00,158.75578481267635
2012-02-23 13:00:00,188.53471062730708
2012-02-23 14:00:00,152.13239878890178
2012-02-23 15:00:00,182.20483673371137
2012-02-23 16:00:00,285.6523807131033
2012-02-23 17:00:00,512.9393459769532
2012-02-23 18:00:00,487.253305553886
2012-02-23 19:00:00,371.15394278188626
2012-02-23 20:00:00,242.4503732024372
2012-02-23 21:00:00,151.13784349956424
2012-02-23 22:00:00,124.85204097557518
2012-02-23 23:00:00,100.98766095409286
2012-02-24 00:00:00,43.442278026387704
2012-02-24 01:00:00,18.900024304323505
2012-02-24 02:00:00,7.000830806258069
2012-02-24 03:00:00,6.326549180274754
2012-02-24 04:00:00,4.8260939412616795
2012-02-24 05:00:00,19.844922465934246
2012-02-24 06:00:00,110.51903820290924
2012-02-24 07:00:00,94.80414440050916
2012-02-24 08:00:00,177.66964848581148
2012-02-24 09:00:00,76.07795202307398
2012-02-24 10:00:00,75.02894367622075
2012-02-24 11:00:00,113.37306075116102
2012-02-24 12:00:00,143.12555170434277
2012-02-24 13:00:00,162.11523032405302
2012-02-24 14:00:00,134.21418919886628
2012-02-24 15:00:00,85.79171299479412
2012-02-24 16:00:00,128.5256140744103
2012-02-24 17:00:00,328.9847667121043
2012-02-24 18:00:00,201.63736695312332
2012-02-24 19:00:00,291.39292193510977
2012-02-24 20:00:00,167.97314113191564
2012-02-24 21:00:00,100.17515885637495
2012-02-24 22:00:00,105.1030774734244
2012-02-24 23:00:00,79.12432242492825
2012-02-25 00:00:00,84.99590775453757
2012-02-25 01:00:00,44.24183984712721
2012-02-25 02:00:00,39.82029538496836
2012-02-25 03:00:00,13.127908840315301
2012-02-25 04:00:00,4.056542542775928
2012-02-25 05:00:00,3.6569568368479777
2012-02-25 06:00:00,8.701801831735565
2012-02-25 07:00:00,24.62631775755787
2012-02-25 08:00:00,58.95135476638674
2012-02-25 09:00:00,35.99492074678216
2012-02-25 10:00:00,96.47785750928306
2012-02-25 11:00:00,119.38999014993226
2012-02-25 12:00:00,143.21689610431278
2012-02-25 13:00:00,138.56602035445093
2012-02-25 14:00:00,144.54878700096089
2012-02-25 15:00:00,141.435763513279
2012-02-25 16:00:00,140.24659840953728
2012-02-25 17:00:00,155.4525383701311
2012-02-25 18:00:00,107.77688899409482
2012-02-25 19:00:00,96.48862309909617
2012-02-25 20:00:00,71.15391668124963
2012-02-25 21:00:00,60.74192429779765
2012-02-25 22:00:00,60.042647614440796
2012-02-25 23:00:00,68.12511230455358
2012-02-26 00:00:00,49.01171377490585
2012-02-26 01:00:00,25.295043394708895
2012-02-26 02:00:00,28.67048226856879
2012-02-26 03:00:00,14.211077128280042
2012-02-26 04:00:00,3.84090223996371
2012-02-26 05:00:00,2.4633197710757435
2012-02-26 06:00:00,3.333999422911222
2012-02-26 07:00:00,6.638986765637801
2012-02-26 08:00:00,18.730869162797894
2012-02-26 09:00:00,53.49450679293619
2012-02-26 10:00:00,113.29599669870572
2012-02-26 11:00:00,168.95058013946905
2012-02-26 12:00:00,254.92803578589178
2012-02-26 13:00:00,222.0489459399718
2012-02-26 14:00:00,193.89325163786953
2012-02-26 15:00:00,215.87357099928658
2012-02-26 16:00:00,265.09345296962215
2012-02-26 17:00:00,222.43967324939626
2012-02-26 18:00:00,132.92388972267457
2012-02-26 19:00:00,126.87206619235347
2012-02-26 20:00:00,82.15368884789328
2012-02-26 21:00:00,62.02137454670415
2012-02-26 22:00:00,38.527928733939056
2012-02-26 23:00:00,23.332606409356384
2012-02-27 00:00:00,9.510628236516803
2012-02-27 01:00:00,4.031469481913482
2012-02-27 02:00:00,1.6461681919031872
2012-02-27 03:00:00,2.2352843285697412
2012-02-27 04:00:00,2.660324143234139
2012-02-27 05:00:00,13.073981538117591
2012-02-27 06:00:00,53.351062960107235
2012-02-27 07:00:00,225.38422790746688
2012-02-27 08:00:00,414.4942399993003
2012-02-27 09:00:00,196.58521110202105
2012-02-27 10:00:00,60.35458346424787
2012-02-27 11:00:00,94.12555418157878
2012-02-27 12:00:00,115.48242202205371
2012-02-27 13:00:00,125.04508051505104
2012-02-27 14:00:00,150.5486846758661
2012-02-27 15:00:00,168.85304782371506
2012-02-27 16:00:00,174.89061624235114
2012-02-27 17:00:00,378.71096930401825
2012-02-27 18:00:00,435.97638601221746
2012-02-27 19:00:00,295.7586422966306
2012-02-27 20:00:00,195.59949274636716
2012-02-27 21:00:00,150.5940610276623
2012-02-27 22:00:00,119.74810087030939
2012-02-27 23:00:00,53.630983487907386
2012-02-28 00:00:00,26.244189459087323
2012-02-28 01:00:00,11.070368999661666
2012-02-28 02:00:00,5.290081814470989
2012-02-28 03:00:00,2.8711205845961887
2012-02-28 04:00:00,2.6633406994023443
2012-02-28 05:00:00,17.24780039150549
2012-02-28 06:00:00,94.09921180465221
2012-02-28 07:00:00,288.11044793775994
2012-02-28 08:00:00,289.949514948618
2012-02-28 09:00:00,177.25086605818592
2012-02-28 10:00:00,112.97150946160005
2012-02-28 11:00:00,97.63829087885843
2012-02-28 12:00:00,132.09609670843497
2012-02-28 13:00:00,108.76830217053354
2012-02-28 14:00:00,98.35801016004946
2012-02-28 15:00:00,135.26174870686404
2012-02-28 16:00:00,160.22095343628772
2012-02-28 17:00:00,306.276782787829
2012-02-28 18:00:00,385.6759617289644
2012-02-28 19:00:00,236.2416434461605
2012-02-28 20:00:00,132.16281819188796
2012-02-28 21:00:00,116.59235217367632
2012-02-28 22:00:00,82.17131900852341
2012-02-28 23:00:00,56.1659541763795
2012-02-29 00:00:00,20.31690202531129
2012-02-29 01:00:00,7.451507897507413
2012-02-29 02:00:00,3.7406050072868484
2012-02-29 03:00:00,2.1469570133808316
2012-02-29 05:00:00,11.315615795757303
2012-02-29 06:00:00,64.5959590527332
2012-02-29 07:00:00,201.80261721968645
2012-02-29 08:00:00,511.77984128031983
2012-02-29 09:00:00,126.62082793783901
2012-02-29 10:00:00,55.829166428488456
2012-02-29 11:00:00,50.607108689822304
2012-02-29 12:00:00,31.310955667613783
2012-02-29 13:00:00,27.49443660182227
2012-02-29 14:00:00,23.771005174235192
2012-02-29 15:00:00,60.79176282407805
2012-02-29 16:00:00,74.78901677058296
2012-02-29 17:00:00,302.0563917430954
2012-02-29 18:00:00,179.84918610374575
2012-02-29 19:00:00,190.83397488429796
2012-02-29 20:00:00,108.07285015282447
2012-02-29 21:00:00,63.752160319641604
2012-02-29 22:00:00,22.218705083934243
2012-02-29 23:00:00,14.971342826596926
2012-03-20 00:00:00,17.832403222024514
2012-03-20 01:00:00,9.559163006999684
2012-03-20 02:00:00,3.4730258984316844
2012-03-20 03:00:00,3.2060202172103573
2012-03-20 04:00:00,4.180072071400702
2012-03-20 05:00:00,22.251068966314406
2012-03-20 06:00:00,93.61773633230565
2012-03-20 07:00:00,104.70015889829264
2012-03-20 08:00:00,453.7611131524595
2012-03-20 09:00:00,222.45919052589366
2012-03-20 10:00:00,117.77774187820555
2012-03-20 11:00:00,138.37355010958368
2012-03-20 12:00:00,159.83674434361285
2012-03-20 13:00:00,181.17274523692993
2012-03-20 14:00:00,176.30046245676647
2012-03-20 15:00:00,199.19321509721743
2012-03-20 16:00:00,339.9933594621442
2012-03-20 17:00:00,601.2963488202347
2012-03-20 18:00:00,503.0587385369267
2012-03-20 19:00:00,387.522540965057
2012-03-20 20:00:00,241.10990266765353
2012-03-20 21:00:00,206.80742847524692
2012-03-20 22:00:00,151.20690054925876
2012-03-20 23:00:00,89.25985868965951
2012-03-21 00:00:00,33.66877353636976
2012-03-21 01:00:00,20.370988519784035
2012-03-21 02:00:00,4.90543879742168
2012-03-21 03:00:00,2.9621350834207223
2012-03-21 04:00:00,2.955855260680707
2012-03-21 05:00:00,18.14764382073947
2012-03-21 06:00:00,55.714227125969664
2012-03-21 07:00:00,115.10094835031498
2012-03-21 08:00:00,203.9446599736376
2012-03-21 09:00:00,220.01418391203947
2012-03-21 10:00:00,132.04842314939842
2012-03-21 11:00:00,123.8664947612521
2012-03-21 12:00:00,167.75422180525476
2012-03-21 13:00:00,132.70489173917662
2012-03-21 14:00:00,155.09862174827575
2012-03-21 15:00:00,168.50823082953602
2012-03-21 16:00:00,364.0097151492281
2012-03-21 17:00:00,646.6826246711969
2012-03-21 18:00:00,452.69307075405396
2012-03-21 19:00:00,428.5257780027812
2012-03-21 20:00:00,336.3301611129084
2012-03-21 21:00:00,222.84415774299836
2012-03-21 22:00:00,159.77105956656956
2012-03-21 23:00:00,148.2680123237081
2012-03-22 00:00:00,45.703561088801834
2012-03-22 01:00:00,20.262302120203003
2012-03-22 02:00:00,11.143846696440939
2012-03-22 03:00:00,6.140996733361233
2012-03-22 04:00:00,3.364972514589089
2012-03-22 05:00:00,14.3869941649738
2012-03-22 06:00:00,69.45233154914446
2012-03-22 07:00:00,188.0232433267918
2012-03-22 08:00:00,373.8215460470242
2012-03-22 09:00:00,142.97446311517183
2012-03-22 10:00:00,66.13370486050985
2012-03-22 11:00:00,87.91976999858394
2012-03-22 12:00:00,169.5229732291036
2012-03-22 13:00:00,203.89166648611987
2012-03-22 14:00:00,217.51751935796835
2012-03-22 15:00:00,225.31448964687388
2012-03-22 16:00:00,364.62677013069873
2012-03-22 17:00:00,672.068480566663
2012-03-22 18:00:00,678.1297272660388
2012-03-22 19:00:00,459.9372946369184
2012-03-22 20:00:00,383.7069727407941
2012-03-22 21:00:00,242.7488288659877
2012-03-22 22:00:00,204.33119918307554
2012-03-22 23:00:00,144.0796797247234
2012-03-23 00:00:00,61.36030421566951
2012-03-23 01:00:00,24.342877083936965
2012-03-23 02:00:00,11.748564354051336
2012-03-23 03:00:00,6.783868017887438
2012-03-23 04:00:00,4.103049705757141
2012-03-23 05:00:00,16.204450872308765
2012-03-23 06:00:00,84.14330382775313
2012-03-23 07:00:00,291.6187982659443
2012-03-23 08:00:00,416.7877243254768
2012-03-23 09:00:00,193.63242533131404
2012-03-23 10:00:00,170.54488350660407
2012-03-23 11:00:00,205.17123223212175
2012-03-23 12:00:00,327.1187508586498
2012-03-23 13:00:00,438.3322984199642
2012-03-23 14:00:00,352.72889818557576
2012-03-23 15:00:00,357.98523178443395
2012-03-23 16:00:00,517.1310173284845
2012-03-23 17:00:00,852.7529063991549
2012-03-23 18:00:00,656.5679649602968
2012-03-23 19:00:00,434.91536262581025
2012-03-23 20:00:00,347.2813736320005
2012-03-23 21:00:00,303.9036065703372
2012-03-23 22:00:00,201.92649936002027
2012-03-23 23:00:00,121.85532870620837
2012-03-24 00:00:00,194.31716058230683
2012-03-24 01:00:00,162.6369326593674
2012-03-24 02:00:00,80.84288285148975
2012-03-24 03:00:00,39.75139139180595
2012-03-24 04:00:00,11.044857144957101
2012-03-24 05:00:00,14.119536480598168
2012-03-24 06:00:00,41.94831538350642
2012-03-24 07:00:00,54.659860438323065
2012-03-24 08:00:00,116.43184716368617
2012-03-24 09:00:00,252.0754412195838
2012-03-24 10:00:00,278.6968324395797
2012-03-24 11:00:00,144.96100110995874
2012-03-24 12:00:00,178.74186138804444
2012-03-24 13:00:00,206.28622389676872
2012-03-24 14:00:00,117.37687587319877
2012-03-24 15:00:00,52.411385584352104
2012-03-24 16:00:00,79.68446481219637
2012-03-24 17:00:00,88.19891906943054
2012-03-24 18:00:00,60.74861535181536
2012-03-24 19:00:00,92.56284518189474
2012-03-24 20:00:00,33.56274819061368
2012-03-24 21:00:00,31.308850576357383
2012-03-24 22:00:00,15.571579055348078
2012-03-24 23:00:00,24.193719918015614
2012-03-25 00:00:00,25.563782539137502
2012-03-25 01:00:00,14.258019862126622
2012-03-25 02:00:00,11.487570020621478
2012-03-25 03:00:00,6.616194837463669
2012-03-25 04:00:00,3.1365119801904378
2012-03-25 05:00:00,2.5750339293511044
2012-03-25 06:00:00,3.8733814449076824
2012-03-25 07:00:00,9.387447696944193
2012-03-25 08:00:00,32.2951612273692
2012-03-25 09:00:00,51.64996299275179
2012-03-25 10:00:00,91.94404200247531
2012-03-25 11:00:00,89.88326665018238
2012-03-25 12:00:00,131.12356431089896
2012-03-25 13:00:00,315.8452445833218
2012-03-25 14:00:00,272.97761130547303
2012-03-25 15:00:00,197.70774286007287
2012-03-25 16:00:00,269.0645067238952
2012-03-25 17:00:00,333.36737481947523
2012-03-25 18:00:00,267.8920974834428
2012-03-25 19:00:00,187.98039241824821
2012-03-25 20:00:00,145.377024922785
2012-03-25 21:00:00,132.97904441565404
2012-03-25 22:00:00,86.34337351132278
2012-03-25 23:00:00,70.13737762743372
2012-03-26 00:00:00,38.227582502840114
2012-03-26 01:00:00,15.025789981901779
2012-03-26 02:00:00,9.044469304200378
2012-03-26 03:00:00,5.350797509061638
2012-03-26 04:00:00,6.341507209094649
2012-03-26 05:00:00,37.04582559478978
2012-03-26 06:00:00,111.02341395168982
2012-03-26 07:00:00,313.18101597787205
2012-03-26 08:00:00,347.20851874319794
2012-03-26 09:00:00,189.13115203796013
2012-03-26 10:00:00,139.17908034397698
2012-03-26 11:00:00,186.13653880564308
2012-03-26 12:00:00,270.70492663239247
2012-03-26 13:00:00,249.18227626833064
2012-03-26 14:00:00,220.09151686123238
2012-03-26 15:00:00,226.86681705499828
2012-03-26 16:00:00,294.5124658399544
2012-03-26 17:00:00,759.9481722227124
2012-03-26 18:00:00,614.9566050402015
2012-03-26 19:00:00,476.61836571580466
2012-03-26 20:00:00,234.7364022413242
2012-03-26 21:00:00,115.67934164967465
2012-03-26 22:00:00,132.43281982687859
2012-03-26 23:00:00,72.60007769243256
2012-03-27 00:00:00,22.128689904126468
2012-03-27 01:00:00,6.883261849642259
2012-03-27 02:00:00,1.9576973542418596
2012-03-27 03:00:00,1.35219931774031
2012-03-27 04:00:00,1.3106994033600714
2012-03-27 05:00:00,14.19666771208975
2012-03-27 06:00:00,99.84705874183179
2012-03-27 07:00:00,330.7159978404035
2012-03-27 08:00:00,569.8991761367448
2012-03-27 09:00:00,268.05936252631415
2012-03-27 10:00:00,97.068928895619507
2012-03-27 11:00:00,75.96485257609699
2012-03-27 12:00:00,102.71513102123193
2012-03-27 13:00:00,185.237745347152
2012-03-27 14:00:00,189.4146346118501
2012-03-27 15:00:00,199.49425264012467
2012-03-27 16:00:00,239.8684428200123
2012-03-27 17:00:00,605.0909749304242
2012-03-27 18:00:00,242.6761477052972
2012-03-27 19:00:00,180.9633708130517
2012-03-27 20:00:00,158.92014025660546
2012-03-27 21:00:00,164.1099817150566
2012-03-27 22:00:00,118.03799736129558
2012-03-27 23:00:00,72.64319041470604
2012-03-28 00:00:00,26.11963798658729
2012-03-28 01:00:00,7.425999139198612
2012-03-28 02:00:00,3.8169458905914095
2012-03-28 03:00:00,3.532338615188516
2012-03-28 04:00:00,2.551179960204572
2012-03-28 05:00:00,26.149621465240013
2012-03-28 06:00:00,116.57128335805731
2012-03-28 07:00:00,355.45961969148055
2012-03-28 08:00:00,348.7601449944304
2012-03-28 09:00:00,245.09316718310959
2012-03-28 10:00:00,123.40341367318395
2012-03-28 11:00:00,148.55951054931896
2012-03-28 12:00:00,196.28987368513472
2012-03-28 13:00:00,215.77981617619005
2012-03-28 14:00:00,227.43774326273453
2012-03-28 15:00:00,264.28694535164294
2012-03-28 16:00:00,239.49620219677624
2012-03-28 17:00:00,613.7962007355112
2012-03-28 18:00:00,605.746292315212
2012-03-28 19:00:00,489.5101275644129
2012-03-28 20:00:00,358.09603365705993
2012-03-28 21:00:00,271.88744201258277
2012-03-28 22:00:00,213.1728762740668
2012-03-28 23:00:00,99.23675209242569
2012-03-29 00:00:00,52.429632698193515
2012-03-29 01:00:00,20.90958911027261
2012-03-29 02:00:00,4.312296033820542
2012-03-29 03:00:00,2.7073156609893205
2012-03-29 04:00:00,3.853131720160307
2012-03-29 05:00:00,16.775389647577008
2012-03-29 06:00:00,77.41456772204604
2012-03-29 07:00:00,310.19413791790254
2012-03-29 08:00:00,527.3151744520684
2012-03-29 09:00:00,285.46420096091794
2012-03-29 10:00:00,184.62875378746253
2012-03-29 11:00:00,174.9887989350826
2012-03-29 12:00:00,231.7600461977255
2012-03-29 13:00:00,185.29587444790985
2012-03-29 14:00:00,174.01185354487578
2012-03-29 15:00:00,218.2823469724119
2012-03-29 16:00:00,301.280913946578
2012-03-29 17:00:00,556.2705241925743
2012-03-29 18:00:00,514.0553929247266
2012-03-29 19:00:00,326.4155592913492
2012-03-29 20:00:00,283.26957926805414
2012-03-29 21:00:00,140.20701412153244
2012-03-29 22:00:00,128.41644918574704
2012-03-29 23:00:00,102.37841891928682
2012-03-30 00:00:00,52.2566658867665
2012-03-30 01:00:00,17.99946860588641
2012-03-30 02:00:00,10.149931678251804
2012-03-30 03:00:00,5.966568862928313
2012-03-30 04:00:00,5.305935519199749
2012-03-30 05:00:00,16.270088110175493
2012-03-30 06:00:00,90.34734514939517
2012-03-30 07:00:00,266.3661241420097
2012-03-30 08:00:00,362.41011656945113
2012-03-30 09:00:00,274.45991511396215
2012-03-30 10:00:00,119.45610369531953
2012-03-30 11:00:00,137.24317607347604
2012-03-30 12:00:00,170.11409588044972
2012-03-30 13:00:00,120.80169930281139
2012-03-30 14:00:00,95.36636101547495
2012-03-30 15:00:00,95.29176700128056
2012-03-30 16:00:00,112.27278944209124
2012-03-30 17:00:00,375.04742995922464
2012-03-30 18:00:00,409.5056711905098
2012-03-30 19:00:00,212.4547204980734
2012-03-30 20:00:00,206.94770437713044
2012-03-30 21:00:00,118.25156640452815
2012-03-30 22:00:00,95.68074116269919
2012-03-30 23:00:00,79.90393037386185
2012-03-31 00:00:00,62.61685031203033
2012-03-31 01:00:00,30.79871073403189
2012-03-31 02:00:00,24.83193550067757
2012-03-31 03:00:00,14.511622562908332
2012-03-31 04:00:00,3.845405293873649
2012-03-31 05:00:00,6.670465850395454
2012-03-31 06:00:00,14.51181977515299
2012-03-31 07:00:00,34.431034076869636
2012-03-31 08:00:00,107.44095005216955
2012-03-31 09:00:00,144.14173148117638
2012-03-31 10:00:00,177.2901721223335
2012-03-31 11:00:00,377.4471925774488
2012-03-31 12:00:00,467.479973399172
2012-03-31 13:00:00,480.2484295841371
2012-03-31 14:00:00,252.20733394642073
2012-03-31 15:00:00,368.90095116589174
2012-03-31 16:00:00,230.62148618522303
2012-03-31 17:00:00,210.1652638099161
2012-03-31 18:00:00,72.15786421910627
2012-03-31 19:00:00,87.58001006849669
2012-03-31 20:00:00,92.21789367039861
2012-03-31 21:00:00,73.78599313022062
2012-03-31 22:00:00,56.940125944688866
2012-03-31 23:00:00,41.87714686559562
2012-04-20 00:00:00,84.69664130078732
2012-04-20 01:00:00,33.524576450325426
2012-04-20 02:00:00,15.58963624083106
2012-04-20 03:00:00,7.484704141596973
2012-04-20 04:00:00,4.41982541675755
2012-04-20 05:00:00,15.560304400744515
2012-04-20 06:00:00,81.39225094642168
2012-04-20 07:00:00,163.37884722902604
2012-04-20 08:00:00,416.41604784367536
2012-04-20 09:00:00,261.4120077288378
2012-04-20 10:00:00,158.4019762788755
2012-04-20 11:00:00,188.44887533297205
2012-04-20 12:00:00,305.47925354064364
2012-04-20 13:00:00,330.2005708094162
2012-04-20 14:00:00,289.4571793998216
2012-04-20 15:00:00,288.0447869362976
2012-04-20 16:00:00,404.9173977816443
2012-04-20 17:00:00,548.7125680779232
2012-04-20 18:00:00,513.5592630503382
2012-04-20 19:00:00,446.29739156413774
2012-04-20 20:00:00,261.64109185876856
2012-04-20 21:00:00,199.8443387627379
2012-04-20 22:00:00,145.21476536741426
2012-04-20 23:00:00,168.39609817870084
2012-04-21 00:00:00,135.98592708227017
2012-04-21 01:00:00,86.56924834449451
2012-04-21 02:00:00,90.56063191451516
2012-04-21 03:00:00,25.137774416973933
2012-04-21 04:00:00,6.22128492641075
2012-04-21 05:00:00,10.238332195544587
2012-04-21 06:00:00,33.413579620155446
2012-04-21 07:00:00,45.711788745755015
2012-04-21 08:00:00,137.275704922891
2012-04-21 09:00:00,277.01036070429075
2012-04-21 10:00:00,446.74153654037997
2012-04-21 11:00:00,595.1026215282493
2012-04-21 12:00:00,669.2290671297693
2012-04-21 13:00:00,713.8946872123144
2012-04-21 14:00:00,612.1885651546012
2012-04-21 15:00:00,626.3999657291727
2012-04-21 16:00:00,776.7703069914828
2012-04-21 17:00:00,471.11411432294807
2012-04-21 18:00:00,476.0634699663843
2012-04-21 19:00:00,192.70129586967428
2012-04-21 20:00:00,51.1540725861239
2012-04-21 21:00:00,36.48676446142225
2012-04-21 22:00:00,80.58036801625002
2012-04-21 23:00:00,46.21733526756837
2012-04-22 00:00:00,99.10793671415402
2012-04-22 01:00:00,57.379790183381424
2012-04-22 02:00:00,75.84570045027567
2012-04-22 03:00:00,24.462717660600376
2012-04-22 04:00:00,8.359814288366762
2012-04-22 05:00:00,5.920897487184748
2012-04-22 06:00:00,9.564848727903744
2012-04-22 07:00:00,17.809281147524334
2012-04-22 08:00:00,55.27794057068295
2012-04-22 09:00:00,62.439208563212865
2012-04-22 10:00:00,71.03553578818591
2012-04-22 11:00:00,67.83127505944314
2012-04-22 12:00:00,81.79146492043716
2012-04-22 13:00:00,64.43012004597998
2012-04-22 14:00:00,64.08153455750669
2012-04-22 15:00:00,50.030971343088936
2012-04-22 16:00:00,46.782470717422406
2012-04-22 17:00:00,36.11654187937954
2012-04-22 18:00:00,19.29424144529464
2012-04-22 19:00:00,23.611814877920978
2012-04-22 20:00:00,19.25961994911595
2012-04-22 21:00:00,17.084843879660202
2012-04-22 22:00:00,10.29350554161413
2012-04-22 23:00:00,12.11424344591462
2012-04-23 00:00:00,7.237649978163289
2012-04-23 01:00:00,3.4067212793874284
2012-04-23 02:00:00,2.036731522789447
2012-04-23 03:00:00,1.3717146090015706
2012-04-23 04:00:00,0.7833911101900631
2012-04-23 05:00:00,4.638997718361122
2012-04-23 06:00:00,50.994054685365555
2012-04-23 07:00:00,92.7297465849338
2012-04-23 08:00:00,340.9456952706002
2012-04-23 09:00:00,157.1701067076292
2012-04-23 10:00:00,57.8492693873162
2012-04-23 11:00:00,62.484927361870255
2012-04-23 12:00:00,52.951748540141075
2012-04-23 13:00:00,65.06252682672661
2012-04-23 14:00:00,85.26666791460164
2012-04-23 15:00:00,96.6541686022674
2012-04-23 16:00:00,49.55842256206219
2012-04-23 17:00:00,131.35260410691197
2012-04-23 18:00:00,100.5446973969239
2012-04-23 19:00:00,87.5780473045444
2012-04-23 20:00:00,61.14166275549199
2012-04-23 21:00:00,54.557629474575585
2012-04-23 22:00:00,32.364572108773395
2012-04-23 23:00:00,18.950257542113818
2012-04-24 00:00:00,10.092493168137855
2012-04-24 01:00:00,5.700535820325608
2012-04-24 02:00:00,2.447835699166589
2012-04-24 03:00:00,1.8571480031195229
2012-04-24 04:00:00,1.522848724246777
2012-04-24 05:00:00,15.79326326072781
2012-04-24 06:00:00,71.89217774026157
2012-04-24 07:00:00,291.3234567299285
2012-04-24 08:00:00,526.4132645827908
2012-04-24 09:00:00,208.81870322919556
2012-04-24 10:00:00,143.71491949984082
2012-04-24 11:00:00,159.5242593304134
2012-04-24 12:00:00,255.11068304344263
2012-04-24 13:00:00,248.31782364897504
2012-04-24 14:00:00,241.61296130970973
2012-04-24 15:00:00,250.91734853305087
2012-04-24 16:00:00,353.67373107965864
2012-04-24 17:00:00,632.8669195437366
2012-04-24 18:00:00,520.6754719399922
2012-04-24 19:00:00,396.40452849336083
2012-04-24 20:00:00,280.4584246183113
2012-04-24 21:00:00,166.6871842918793
2012-04-24 22:00:00,118.31840357392875
2012-04-24 23:00:00,75.00222332391338
2012-04-25 00:00:00,34.71658780643485
2012-04-25 01:00:00,11.518146080175711
2012-04-25 02:00:00,3.958593182699331
2012-04-25 03:00:00,1.762831658337374
2012-04-25 04:00:00,2.074182645178212
2012-04-25 05:00:00,14.543130888071632
2012-04-25 06:00:00,74.03322147217109
2012-04-25 07:00:00,367.4588878378141
2012-04-25 08:00:00,551.0834836086706
2012-04-25 09:00:00,197.05897621254186
2012-04-25 10:00:00,140.69537599635245
2012-04-25 11:00:00,132.1079390447769
2012-04-25 12:00:00,162.34087880297446
2012-04-25 13:00:00,212.30068947165176
2012-04-25 14:00:00,183.15029891057358
2012-04-25 15:00:00,225.38788197062863
2012-04-25 16:00:00,315.1505078148109
2012-04-25 17:00:00,624.7259539095654
2012-04-25 18:00:00,636.1608807429574
2012-04-25 19:00:00,481.5653806826745
2012-04-25 20:00:00,314.34396126366215
2012-04-25 21:00:00,214.52183777290654
2012-04-25 22:00:00,131.21782272737386
2012-04-25 23:00:00,94.55078669463914
2012-04-26 00:00:00,44.66749575408542
2012-04-26 01:00:00,15.793523075974534
2012-04-26 02:00:00,7.826772214576414
2012-04-26 03:00:00,3.3004734519161096
2012-04-26 04:00:00,4.216598413822663
2012-04-26 05:00:00,19.512997461679564
2012-04-26 06:00:00,81.90878661955058
2012-04-26 07:00:00,241.45955026373298
2012-04-26 08:00:00,434.2278072087612
2012-04-26 09:00:00,245.98064110355233
2012-04-26 10:00:00,87.58418630837687
2012-04-26 11:00:00,73.1105469285457
2012-04-26 12:00:00,148.65730011915517
2012-04-26 13:00:00,156.07919530581222
2012-04-26 14:00:00,149.328179514143
2012-04-26 15:00:00,109.43728009660715
2012-04-26 16:00:00,191.63213376576545
2012-04-26 17:00:00,587.971213436592
2012-04-26 18:00:00,426.21098842299
2012-04-26 19:00:00,327.35202764841813
2012-04-26 20:00:00,310.2016815262795
2012-04-26 21:00:00,170.05513424394843
2012-04-26 22:00:00,169.94804992401478
2012-04-26 23:00:00,103.50400323198636
2012-04-27 00:00:00,99.65413600812555
2012-04-27 01:00:00,33.064779005514175
2012-04-27 02:00:00,18.625288501054015
2012-04-27 03:00:00,7.495783325091827
2012-04-27 04:00:00,5.657414688686308
2012-04-27 05:00:00,33.26731857670833
2012-04-27 06:00:00,131.31064616199825
2012-04-27 07:00:00,281.65037163517843
2012-04-27 08:00:00,485.4622399401499
2012-04-27 09:00:00,336.41019761894694
2012-04-27 10:00:00,192.37179495946816
2012-04-27 11:00:00,224.21368849161775
2012-04-27 12:00:00,337.9137288149298
2012-04-27 13:00:00,387.2161036290045
2012-04-27 14:00:00,353.61909439261893
2012-04-27 15:00:00,344.39269787844245
2012-04-27 16:00:00,426.8543001610756
2012-04-27 17:00:00,745.2622371730952
2012-04-27 18:00:00,652.8339214793515
2012-04-27 19:00:00,481.35416900810156
2012-04-27 20:00:00,289.4898929217776
2012-04-27 21:00:00,190.75946311267924
2012-04-27 22:00:00,202.74427145864783
2012-04-27 23:00:00,137.72758465453464
2012-04-28 00:00:00,81.43619668765703
2012-04-28 01:00:00,34.32280471493817
2012-04-28 02:00:00,63.92923909700566
2012-04-28 03:00:00,15.324499901491553
2012-04-28 04:00:00,7.492209909109053
2012-04-28 05:00:00,8.048645501619031
2012-04-28 06:00:00,20.150851504579578
2012-04-28 07:00:00,43.77739482313274
2012-04-28 08:00:00,188.19653943715792
2012-04-28 09:00:00,220.5039278860159
2012-04-28 10:00:00,218.02104164471854
2012-04-28 11:00:00,232.27372091005859
2012-04-28 12:00:00,279.21852647986213
2012-04-28 13:00:00,323.5726661769984
2012-04-28 14:00:00,340.7334376662769
2012-04-28 15:00:00,348.12594835918225
2012-04-28 16:00:00,244.3683643671077
2012-04-28 17:00:00,259.4458404839993
2012-04-28 18:00:00,150.4426923001543
2012-04-28 19:00:00,162.58785007357795
2012-04-28 20:00:00,96.55517557641438
2012-04-28 21:00:00,83.2285805490659
2012-04-28 22:00:00,98.14741704207007
2012-04-28 23:00:00,71.72282438121879
2012-04-29 00:00:00,63.488657206591135
2012-04-29 01:00:00,85.5933719039462
2012-04-29 02:00:00,33.39621734096723
2012-04-29 03:00:00,13.653417137121751
2012-04-29 04:00:00,8.092043926333501
2012-04-29 05:00:00,4.523982718752978
2012-04-29 06:00:00,7.553262358445661
2012-04-29 07:00:00,19.963351214434972
2012-04-29 08:00:00,85.34228523350227
2012-04-29 09:00:00,182.01518513576545
2012-04-29 10:00:00,279.8658120210936
2012-04-29 11:00:00,224.8958695623746
2012-04-29 12:00:00,351.1562661351767
2012-04-29 13:00:00,324.15440446279
2012-04-29 14:00:00,399.2659906977977
2012-04-29 15:00:00,444.6337628211682
2012-04-29 16:00:00,395.0005199171639
2012-04-29 17:00:00,463.05352640108197
2012-04-29 18:00:00,375.91650795817645
2012-04-29 19:00:00,306.27459213340245
2012-04-29 20:00:00,198.57072317500632
2012-04-29 21:00:00,136.3280151633737
2012-04-29 22:00:00,89.71323188813152
2012-04-29 23:00:00,57.700916428463444
2012-04-30 00:00:00,65.3199463789859
2012-04-30 01:00:00,19.035619805853894
2012-04-30 02:00:00,14.756346756412583
2012-04-30 03:00:00,3.6515346751996867
2012-04-30 04:00:00,2.0430369976371083
2012-04-30 05:00:00,12.06227124530044
2012-04-30 06:00:00,83.84967816379084
2012-04-30 07:00:00,175.75252886119804
2012-04-30 08:00:00,371.83984230624606
2012-04-30 09:00:00,214.40730133864074
2012-04-30 10:00:00,141.95798312075016
2012-04-30 11:00:00,111.10587227678289
2012-04-30 12:00:00,161.38251678155066
2012-04-30 13:00:00,135.09377175629808
2012-04-30 14:00:00,137.0554841389037
2012-04-30 15:00:00,148.86996629518873
2012-04-30 16:00:00,267.10917010472645
2012-04-30 17:00:00,517.984913543066
2012-04-30 18:00:00,495.0718255464782
2012-04-30 19:00:00,367.76389376170397
2012-04-30 20:00:00,243.91887941901115
2012-04-30 21:00:00,197.3049421407719
2012-04-30 22:00:00,119.19311935692615
2012-04-30 23:00:00,69.3042889558677
2012-05-20 00:00:00,133.9765820427849
2012-05-20 01:00:00,96.59625296891262
2012-05-20 02:00:00,67.16641511148276
2012-05-20 03:00:00,34.677037634664906
2012-05-20 04:00:00,12.482545784151712
2012-05-20 05:00:00,13.079197453305492
2012-05-20 06:00:00,25.687661525511963
2012-05-20 07:00:00,41.34695138057444
2012-05-20 08:00:00,127.4774506451187
2012-05-20 09:00:00,197.33900288308908
2012-05-20 10:00:00,385.967744790042
2012-05-20 11:00:00,523.8886208720112
2012-05-20 12:00:00,578.9748175442652
2012-05-20 13:00:00,660.3337569007573
2012-05-20 14:00:00,605.2306394990353
2012-05-20 15:00:00,503.70442195195807
2012-05-20 16:00:00,635.9106702155357
2012-05-20 17:00:00,492.1574356495226
2012-05-20 18:00:00,369.5093823943506
2012-05-20 19:00:00,358.5190689897503
2012-05-20 20:00:00,279.2101386744236
2012-05-20 21:00:00,174.66484681368212
2012-05-20 22:00:00,137.92908726511519
2012-05-20 23:00:00,41.82246868442819
2012-05-21 00:00:00,12.799957036834163
2012-05-21 01:00:00,7.2108933768090635
2012-05-21 02:00:00,3.644729064653103
2012-05-21 03:00:00,2.3277164752246753
2012-05-21 04:00:00,2.6337999678335904
2012-05-21 05:00:00,9.864129608457022
2012-05-21 06:00:00,44.8547978048688
2012-05-21 07:00:00,131.92487951610465
2012-05-21 08:00:00,205.67127943575667
2012-05-21 09:00:00,136.07680267693783
2012-05-21 10:00:00,62.65615582509438
2012-05-21 11:00:00,151.4978194599239
2012-05-21 12:00:00,151.6704986538141
2012-05-21 13:00:00,90.4033246665174
2012-05-21 14:00:00,96.2819406809541
2012-05-21 15:00:00,241.67621990016215
2012-05-21 16:00:00,359.3232881939748
2012-05-21 17:00:00,598.4587984496675
2012-05-21 18:00:00,562.2753477439358
2012-05-21 19:00:00,335.67214667332394
2012-05-21 20:00:00,250.04294206110762
2012-05-21 21:00:00,194.5222274173559
2012-05-21 22:00:00,138.9577939151512
2012-05-21 23:00:00,72.47013273974763
2012-05-22 00:00:00,34.87583876782372
2012-05-22 01:00:00,12.944056934156285
2012-05-22 02:00:00,5.296414573438642
2012-05-22 03:00:00,3.240796969390057
2012-05-22 04:00:00,5.327580630549999
2012-05-22 05:00:00,16.910673556677462
2012-05-22 06:00:00,91.79115949676185
2012-05-22 07:00:00,222.30522030849087
2012-05-22 08:00:00,484.95971168027376
2012-05-22 09:00:00,253.92508433159912
2012-05-22 10:00:00,169.28282147592452
2012-05-22 11:00:00,150.39083563012292
2012-05-22 12:00:00,196.28584899925718
2012-05-22 13:00:00,197.72584437314768
2012-05-22 14:00:00,178.013178827297
2012-05-22 15:00:00,253.14893347273053
2012-05-22 16:00:00,341.184277077887
2012-05-22 17:00:00,689.9566179955501
2012-05-22 18:00:00,652.7620161855779
2012-05-22 19:00:00,453.892468848286
2012-05-22 20:00:00,340.3735846320249
2012-05-22 21:00:00,254.91539394670193
2012-05-22 22:00:00,200.99180600478462
2012-05-22 23:00:00,130.4080539825194
2012-05-23 00:00:00,33.50503156080995
2012-05-23 01:00:00,21.689214911855572
2012-05-23 02:00:00,7.612708422843157
2012-05-23 03:00:00,7.379046805826444
2012-05-23 04:00:00,3.9597485651216053
2012-05-23 05:00:00,14.814168571990878
2012-05-23 06:00:00,154.62889537033243
2012-05-23 07:00:00,509.0024701141566
2012-05-23 08:00:00,722.3039966925819
2012-05-23 09:00:00,326.8299990166136
2012-05-23 10:00:00,157.26434024148418
2012-05-23 11:00:00,185.30515205577393
2012-05-23 12:00:00,195.29511291980296
2012-05-23 13:00:00,208.19313185950926
2012-05-23 14:00:00,207.28615841667943
2012-05-23 15:00:00,235.2253778778936
2012-05-23 16:00:00,221.94901659065619
2012-05-23 17:00:00,513.7517780585159
2012-05-23 18:00:00,471.86997556505753
2012-05-23 19:00:00,354.99499511238923
2012-05-23 20:00:00,238.6934634651062
2012-05-23 21:00:00,177.66888601203502
2012-05-23 22:00:00,161.37966953898228
2012-05-23 23:00:00,125.11343074592871
2012-05-24 00:00:00,58.8549875335214
2012-05-24 01:00:00,15.769758269309852
2012-05-24 02:00:00,7.637115805482161
2012-05-24 03:00:00,3.6100592639064617
2012-05-24 04:00:00,5.220828979127965
2012-05-24 05:00:00,25.22951322953339
2012-05-24 06:00:00,135.25104249116882
2012-05-24 07:00:00,462.215021422065
2012-05-24 08:00:00,557.6204275223683
2012-05-24 09:00:00,298.87275943178537
2012-05-24 10:00:00,176.91918300754867
2012-05-24 11:00:00,209.55814040699138
2012-05-24 12:00:00,280.84772384986
2012-05-24 13:00:00,237.52412640679904
2012-05-24 14:00:00,200.13748487368082
2012-05-24 15:00:00,232.9413233129929
2012-05-24 16:00:00,363.12054515912575
2012-05-24 17:00:00,695.6946951795533
2012-05-24 18:00:00,662.6827744626764
2012-05-24 19:00:00,459.28266646508484
2012-05-24 20:00:00,303.07641434686354
2012-05-24 21:00:00,155.247790315585
2012-05-24 22:00:00,156.4925736855754
2012-05-24 23:00:00,100.50371410399799
2012-05-25 00:00:00,60.72263733210188
2012-05-25 01:00:00,23.64991786584162
2012-05-25 02:00:00,9.473005487015149
2012-05-25 03:00:00,5.499793156108889
2012-05-25 04:00:00,5.30625431724562
2012-05-25 05:00:00,21.945848467671357
2012-05-25 06:00:00,107.33807457450347
2012-05-25 07:00:00,391.6770024135264
2012-05-25 08:00:00,553.079992845793
2012-05-25 09:00:00,308.876974861989
2012-05-25 10:00:00,195.48238182170002
2012-05-25 11:00:00,218.68719677851752
2012-05-25 12:00:00,249.60872702201422
2012-05-25 13:00:00,246.77364240776356
2012-05-25 14:00:00,222.57144810323743
2012-05-25 15:00:00,253.79628691314392
2012-05-25 16:00:00,350.0697297039149
2012-05-25 17:00:00,712.2242029310569
2012-05-25 18:00:00,537.2823882581862
2012-05-25 19:00:00,392.71230569341895
2012-05-25 20:00:00,307.2801395256161
2012-05-25 21:00:00,234.53467730571927
2012-05-25 22:00:00,201.32407135377116
2012-05-25 23:00:00,168.3242472340458
2012-05-26 00:00:00,139.54843044310925
2012-05-26 01:00:00,97.28435153324672
2012-05-26 02:00:00,60.86886116871025
2012-05-26 03:00:00,23.3331515825583
2012-05-26 04:00:00,8.426463919656987
2012-05-26 05:00:00,10.70279684321146
2012-05-26 06:00:00,25.65354058916009
2012-05-26 07:00:00,61.604720944798466
2012-05-26 08:00:00,172.6315860467443
2012-05-26 09:00:00,227.92912148183407
2012-05-26 10:00:00,253.76869596695053
2012-05-26 11:00:00,341.1546689025877
2012-05-26 12:00:00,391.92828345404365
2012-05-26 13:00:00,428.59914127002827
2012-05-26 14:00:00,394.2579859603185
2012-05-26 15:00:00,523.7869582458967
2012-05-26 16:00:00,447.8813829355554
2012-05-26 17:00:00,370.00764737702445
2012-05-26 18:00:00,381.33122922069606
2012-05-26 19:00:00,284.93654386724137
2012-05-26 20:00:00,246.73246104947165
2012-05-26 21:00:00,178.79590585947724
2012-05-26 22:00:00,180.95223973772997
2012-05-26 23:00:00,136.33828653989977
2012-05-27 00:00:00,119.4041095215013
2012-05-27 01:00:00,107.47820205441278
2012-05-27 02:00:00,71.16151714539025
2012-05-27 03:00:00,35.394407629788255
2012-05-27 04:00:00,7.053802193187899
2012-05-27 05:00:00,8.757798186352174
2012-05-27 06:00:00,20.597989065172982
2012-05-27 07:00:00,39.75482238409562
2012-05-27 08:00:00,103.20303339750868
2012-05-27 09:00:00,197.39443472427715
2012-05-27 10:00:00,275.9590842489624
2012-05-27 11:00:00,350.4879626820993
2012-05-27 12:00:00,365.7860456700836
2012-05-27 13:00:00,398.5391924586782
2012-05-27 14:00:00,362.31560149244854
2012-05-27 15:00:00,386.7748832860701
2012-05-27 16:00:00,414.2111096587589
2012-05-27 17:00:00,382.54562058178556
2012-05-27 18:00:00,401.7580678616124
2012-05-27 19:00:00,321.16714514402963
2012-05-27 20:00:00,286.6153681262405
2012-05-27 21:00:00,126.41028564462408
2012-05-27 22:00:00,70.72374930434782
2012-05-27 23:00:00,65.25071221820379
2012-05-28 00:00:00,84.2090102534575
2012-05-28 01:00:00,27.96829023459899
2012-05-28 02:00:00,39.51882435776436
2012-05-28 03:00:00,14.665321152289213
2012-05-28 04:00:00,11.852298107742744
2012-05-28 05:00:00,20.066831144701265
2012-05-28 06:00:00,40.35607678845741
2012-05-28 07:00:00,91.0227821926513
2012-05-28 08:00:00,187.82287829642289
2012-05-28 09:00:00,156.8063726933758
2012-05-28 10:00:00,206.3105214669942
2012-05-28 11:00:00,301.7614148917815
2012-05-28 12:00:00,445.16751997348405
2012-05-28 13:00:00,310.6327111944027
2012-05-28 14:00:00,294.9771083953889
2012-05-28 15:00:00,277.25232096889636
2012-05-28 16:00:00,308.0128921444663
2012-05-28 17:00:00,406.26133371180475
2012-05-28 18:00:00,430.67833966240096
2012-05-28 19:00:00,407.4810819073183
2012-05-28 20:00:00,421.2498990680311
2012-05-28 21:00:00,351.04476589976105
2012-05-28 22:00:00,213.0118238759614
2012-05-28 23:00:00,112.60326978666806
2012-05-29 00:00:00,27.337268126505364
2012-05-29 01:00:00,12.700861751115154
2012-05-29 02:00:00,7.102082595771321
2012-05-29 03:00:00,4.739789486127243
2012-05-29 04:00:00,5.676753510097664
2012-05-29 05:00:00,29.82523914397704
2012-05-29 06:00:00,134.57986081045516
2012-05-29 07:00:00,382.1722232267884
2012-05-29 08:00:00,471.65087144469135
2012-05-29 09:00:00,250.870451403753
2012-05-29 10:00:00,148.92839984034524
2012-05-29 11:00:00,195.78191886624097
2012-05-29 12:00:00,171.19058070236312
2012-05-29 13:00:00,145.63054526667568
2012-05-29 14:00:00,143.6999810384749
2012-05-29 15:00:00,157.05975214986034
2012-05-29 16:00:00,262.89856775313626
2012-05-29 17:00:00,548.9884128449069
2012-05-29 18:00:00,418.40601690524977
2012-05-29 19:00:00,388.33607879138566
2012-05-29 20:00:00,225.66942281043453
2012-05-29 21:00:00,85.53878005472555
2012-05-29 22:00:00,127.12913738725089
2012-05-29 23:00:00,54.11103201608017
2012-05-30 00:00:00,25.101708586424355
2012-05-30 01:00:00,12.75895547964005
2012-05-30 02:00:00,6.599723409340294
2012-05-30 03:00:00,3.7260613023152382
2012-05-30 04:00:00,5.548534057677768
2012-05-30 05:00:00,39.13195892702881
2012-05-30 06:00:00,243.66708291105078
2012-05-30 07:00:00,324.9495529462906
2012-05-30 08:00:00,692.3809689400642
2012-05-30 09:00:00,339.1114296576298
2012-05-30 10:00:00,160.9559912661026
2012-05-30 11:00:00,199.45154551572745
2012-05-30 12:00:00,274.5070333249819
2012-05-30 13:00:00,236.14996512133087
2012-05-30 14:00:00,267.4622113987014
2012-05-30 15:00:00,222.61103823951944
2012-05-30 16:00:00,351.86409608418535
2012-05-30 17:00:00,541.4643297113643
2012-05-30 18:00:00,633.6263375925835
2012-05-30 19:00:00,523.6556003893957
2012-05-30 20:00:00,275.1860395109567
2012-05-30 21:00:00,298.86093103396246
2012-05-30 22:00:00,173.0854198033791
2012-05-30 23:00:00,113.09650079803454
2012-05-31 00:00:00,43.67175045315965
2012-05-31 01:00:00,17.357611024526793
2012-05-31 02:00:00,9.076011485364038
2012-05-31 03:00:00,4.806141943104895
2012-05-31 04:00:00,6.041052564011741
2012-05-31 05:00:00,29.54358533656259
2012-05-31 06:00:00,141.74336248336238
2012-05-31 07:00:00,491.6653254017815
2012-05-31 08:00:00,650.6646910382048
2012-05-31 09:00:00,337.6281663690936
2012-05-31 10:00:00,152.88062129940366
2012-05-31 11:00:00,196.30924949061554
2012-05-31 12:00:00,285.53798750200417
2012-05-31 13:00:00,261.6244992790228
2012-05-31 14:00:00,202.55303989325714
2012-05-31 15:00:00,237.0933354624272
2012-05-31 16:00:00,390.119489452288
2012-05-31 17:00:00,742.5093175329998
2012-05-31 18:00:00,721.1693315412326
2012-05-31 19:00:00,569.4534102840747
2012-05-31 20:00:00,449.0603238950342
2012-05-31 21:00:00,330.61224904611447
2012-05-31 22:00:00,259.3369955149698
2012-05-31 23:00:00,154.92034052341208
2012-06-20 00:00:00,30.21972779446192
2012-06-20 01:00:00,15.872625922599427
2012-06-20 02:00:00,6.780604889392359
2012-06-20 03:00:00,5.313825701889386
2012-06-20 04:00:00,5.882928441734567
2012-06-20 05:00:00,35.58165772636068
2012-06-20 06:00:00,110.24533983063783
2012-06-20 07:00:00,341.243663855243
2012-06-20 08:00:00,518.1968781419279
2012-06-20 09:00:00,307.3432972510262
2012-06-20 10:00:00,100.42821440144388
2012-06-20 11:00:00,125.58179104418402
2012-06-20 12:00:00,161.54612516697685
2012-06-20 13:00:00,157.56480980806978
2012-06-20 14:00:00,139.669655824757
2012-06-20 15:00:00,148.1701255691812
2012-06-20 16:00:00,228.39073907270776
2012-06-20 17:00:00,398.05640776595106
2012-06-20 18:00:00,345.3916113967983
2012-06-20 19:00:00,325.67753824844385
2012-06-20 20:00:00,304.6582320100248
2012-06-20 21:00:00,219.25196547803677
2012-06-20 22:00:00,167.7742208588681
2012-06-20 23:00:00,100.20716801876861
2012-06-21 00:00:00,71.53203678419422
2012-06-21 01:00:00,19.538778700350615
2012-06-21 02:00:00,10.303398114786052
2012-06-21 03:00:00,6.638479479097607
2012-06-21 04:00:00,7.083592509720721
2012-06-21 05:00:00,38.466396493258266
2012-06-21 06:00:00,172.53645363770292
2012-06-21 07:00:00,429.20594212612133
2012-06-21 08:00:00,706.4262515447284
2012-06-21 09:00:00,253.4539118505286
2012-06-21 10:00:00,229.78120881928538
2012-06-21 11:00:00,189.93876246171934
2012-06-21 12:00:00,284.1646363877086
2012-06-21 13:00:00,258.895158744292
2012-06-21 14:00:00,212.29178116710094
2012-06-21 15:00:00,249.26795976114312
2012-06-21 16:00:00,376.11194228823825
2012-06-21 17:00:00,741.9303077369094
2012-06-21 18:00:00,663.9251532737359
2012-06-21 19:00:00,488.5878347848304
2012-06-21 20:00:00,430.3279269083682
2012-06-21 21:00:00,359.52775340906305
2012-06-21 22:00:00,233.00631129776457
2012-06-21 23:00:00,173.33311501308904
2012-06-22 00:00:00,63.91927165951599
2012-06-22 01:00:00,35.336203301126524
2012-06-22 02:00:00,12.695602993210336
2012-06-22 03:00:00,6.741827540199523
2012-06-22 04:00:00,7.177365290001733
2012-06-22 05:00:00,26.39185799848991
2012-06-22 06:00:00,94.07211422657079
2012-06-22 07:00:00,369.25768435397583
2012-06-22 08:00:00,458.49842987929526
2012-06-22 09:00:00,268.9640666108211
2012-06-22 10:00:00,176.57658508251103
2012-06-22 11:00:00,224.8732433333886
2012-06-22 12:00:00,289.3431940753649
2012-06-22 13:00:00,269.8734969932851
2012-06-22 14:00:00,252.52815585980724
2012-06-22 15:00:00,300.2977191523661
2012-06-22 16:00:00,429.35127627911675
2012-06-22 17:00:00,785.8052170249805
2012-06-22 18:00:00,726.2019609982991
2012-06-22 19:00:00,329.5944655866814
2012-06-22 20:00:00,232.96409481707096
2012-06-22 21:00:00,171.4054840875824
2012-06-22 22:00:00,153.6594116692434
2012-06-22 23:00:00,128.26804319880023
2012-06-23 00:00:00,157.16546021439748
2012-06-23 01:00:00,95.36486037787076
2012-06-23 02:00:00,55.8004493033784
2012-06-23 03:00:00,29.453506724243084
2012-06-23 04:00:00,6.691892959096266
2012-06-23 05:00:00,8.38003913758145
2012-06-23 06:00:00,20.797329930814644
2012-06-23 07:00:00,44.578639119925086
2012-06-23 08:00:00,153.8170240595031
2012-06-23 09:00:00,245.95894290929095
2012-06-23 10:00:00,307.59591131924026
2012-06-23 11:00:00,441.6360160193746
2012-06-23 12:00:00,406.4140141485541
2012-06-23 13:00:00,424.28079514463315
2012-06-23 14:00:00,432.1343577467404
2012-06-23 15:00:00,379.58093462860967
2012-06-23 16:00:00,388.78111932870036
2012-06-23 17:00:00,370.3975940826429
2012-06-23 18:00:00,333.6935652622897
2012-06-23 19:00:00,288.2217486621334
2012-06-23 20:00:00,263.2462948961659
2012-06-23 21:00:00,230.24394243576995
2012-06-23 22:00:00,276.6782244754385
2012-06-23 23:00:00,199.26028419088368
2012-06-24 00:00:00,159.02497721680905
2012-06-24 01:00:00,124.47783576879198
2012-06-24 02:00:00,94.77887753653475
2012-06-24 03:00:00,40.29077950334907
2012-06-24 04:00:00,12.099949218773856
2012-06-24 05:00:00,9.713323843967885
2012-06-24 06:00:00,19.278929172816156
2012-06-24 07:00:00,44.99219322285527
2012-06-24 08:00:00,114.19498815131962
2012-06-24 09:00:00,237.35146718888785
2012-06-24 10:00:00,406.7920868353853
2012-06-24 11:00:00,481.7677256853803
2012-06-24 12:00:00,484.60649524707173
2012-06-24 13:00:00,494.8369929602046
2012-06-24 14:00:00,392.7694240918856
2012-06-24 15:00:00,409.06792028102785
2012-06-24 16:00:00,406.57392507566146
2012-06-24 17:00:00,429.08234447523006
2012-06-24 18:00:00,478.29879619878267
2012-06-24 19:00:00,334.0820378879938
2012-06-24 20:00:00,255.37260014077623
2012-06-24 21:00:00,212.20585547154238
2012-06-24 22:00:00,172.58697591368264
2012-06-24 23:00:00,102.37236568678775
2012-06-25 00:00:00,34.94096474928146
2012-06-25 01:00:00,15.92245275467019
2012-06-25 02:00:00,10.309351986048762
2012-06-25 03:00:00,6.5847732675955495
2012-06-25 04:00:00,7.374529422327561
2012-06-25 05:00:00,29.927248266452764
2012-06-25 06:00:00,108.45078363431377
2012-06-25 07:00:00,289.34871291145276
2012-06-25 08:00:00,457.2249382671212
2012-06-25 09:00:00,207.57012739235196
2012-06-25 10:00:00,145.3637158678875
2012-06-25 11:00:00,161.33188953144864
2012-06-25 12:00:00,258.59325072944284
2012-06-25 13:00:00,184.5975910186811
2012-06-25 14:00:00,202.96858710747668
2012-06-25 15:00:00,204.3185333235649
2012-06-25 16:00:00,317.9697380556308
2012-06-25 17:00:00,441.26995447621647
2012-06-25 18:00:00,382.22452793985696
2012-06-25 19:00:00,273.16889195191175
2012-06-25 20:00:00,217.65281286433668
2012-06-25 21:00:00,180.4912906991832
2012-06-25 22:00:00,143.34390561423666
2012-06-25 23:00:00,84.50872972017798
2012-06-26 00:00:00,24.011899695658727
2012-06-26 01:00:00,14.00918976100888
2012-06-26 02:00:00,6.942583214377277
2012-06-26 03:00:00,4.347672879884528
2012-06-26 04:00:00,5.678081393459196
2012-06-26 05:00:00,38.443457234644555
2012-06-26 06:00:00,151.98919502889825
2012-06-26 07:00:00,467.4019607715227
2012-06-26 08:00:00,668.0188087529575
2012-06-26 09:00:00,313.78850731499983
2012-06-26 10:00:00,159.8730273242124
2012-06-26 11:00:00,226.83404132871541
2012-06-26 12:00:00,325.6109234420085
2012-06-26 13:00:00,239.31400723490165
2012-06-26 14:00:00,232.12081620105917
2012-06-26 15:00:00,223.86456753034236
2012-06-26 16:00:00,301.5309894422324
2012-06-26 17:00:00,654.5495421051152
2012-06-26 18:00:00,663.0664995273545
2012-06-26 19:00:00,514.1845877725431
2012-06-26 20:00:00,372.27520849007306
2012-06-26 21:00:00,290.04838677472196
2012-06-26 22:00:00,223.63901819006898
2012-06-26 23:00:00,113.43816826655252
2012-06-27 00:00:00,35.629816208679415
2012-06-27 01:00:00,15.454743714220527
2012-06-27 02:00:00,8.309486261095081
2012-06-27 03:00:00,8.080907995850195
2012-06-27 04:00:00,5.692215967372094
2012-06-27 05:00:00,33.798728177770656
2012-06-27 06:00:00,173.29733053433193
2012-06-27 07:00:00,406.81012677856864
2012-06-27 08:00:00,575.8113701390316
2012-06-27 09:00:00,250.21874851232076
2012-06-27 10:00:00,168.089961463453
2012-06-27 11:00:00,134.4463837022405
2012-06-27 12:00:00,193.10141975465007
2012-06-27 13:00:00,170.68880305934573
2012-06-27 14:00:00,196.82945941363596
2012-06-27 15:00:00,176.56067232520851
2012-06-27 16:00:00,279.89463879599344
2012-06-27 17:00:00,612.2726422332233
2012-06-27 18:00:00,503.85576122317605
2012-06-27 19:00:00,405.10067184450617
2012-06-27 20:00:00,331.3284311909466
2012-06-27 21:00:00,224.603833858839
2012-06-27 22:00:00,227.36108149333077
2012-06-27 23:00:00,117.9417331666791
2012-06-28 00:00:00,58.762728554066186
2012-06-28 01:00:00,21.655608064075267
2012-06-28 02:00:00,12.455662166852735
2012-06-28 03:00:00,6.032476634414127
2012-06-28 04:00:00,8.195400513218907
2012-06-28 05:00:00,33.93712099617601
2012-06-28 06:00:00,144.23042320877184
2012-06-28 07:00:00,398.93942390267955
2012-06-28 08:00:00,540.6970159204336
2012-06-28 09:00:00,275.0623278768682
2012-06-28 10:00:00,167.1388591443581
2012-06-28 11:00:00,180.5054919752735
2012-06-28 12:00:00,179.58978154790378
2012-06-28 13:00:00,191.2399785906753
2012-06-28 14:00:00,149.0213159035489
2012-06-28 15:00:00,161.24605956235408
2012-06-28 16:00:00,336.6075633373703
2012-06-28 17:00:00,613.086567560623
2012-06-28 18:00:00,491.1601232322142
2012-06-28 19:00:00,409.964416089291
2012-06-28 20:00:00,433.6209365692927
2012-06-28 21:00:00,278.65324694228036
2012-06-28 22:00:00,221.27229238157983
2012-06-28 23:00:00,147.70349216384292
2012-06-29 00:00:00,102.35030370792113
2012-06-29 01:00:00,44.56079764821308
2012-06-29 02:00:00,22.503166755740533
2012-06-29 03:00:00,7.948473733781614
2012-06-29 04:00:00,6.279414208065008
2012-06-29 05:00:00,30.660445215567222
2012-06-29 06:00:00,123.47428138727632
2012-06-29 07:00:00,344.1095361699037
2012-06-29 08:00:00,569.2609234126173
2012-06-29 09:00:00,235.37864408636943
2012-06-29 10:00:00,171.1237387605113
2012-06-29 11:00:00,257.6806676538356
2012-06-29 12:00:00,304.31529184372096
2012-06-29 13:00:00,230.90042588645696
2012-06-29 14:00:00,243.2348930696619
2012-06-29 15:00:00,231.55546868550914
2012-06-29 16:00:00,334.77859736451063
2012-06-29 17:00:00,583.9619657556693
2012-06-29 18:00:00,417.97868205925045
2012-06-29 19:00:00,411.72718045814315
2012-06-29 20:00:00,296.06878590284106
2012-06-29 21:00:00,295.78515688264326
2012-06-29 22:00:00,234.60346582366097
2012-06-29 23:00:00,214.55989376591845
2012-06-30 00:00:00,118.93757616094155
2012-06-30 01:00:00,66.47253054699712
2012-06-30 02:00:00,56.02373457199576
2012-06-30 03:00:00,28.27316787511173
2012-06-30 04:00:00,6.186560949638464
2012-06-30 05:00:00,9.294200664482483
2012-06-30 06:00:00,19.813729241741743
2012-06-30 07:00:00,48.11009365947588
2012-06-30 08:00:00,134.218669155513
2012-06-30 09:00:00,197.0800255061317
2012-06-30 10:00:00,257.7943490614616
2012-06-30 11:00:00,334.0387103554002
2012-06-30 12:00:00,390.4516826977395
2012-06-30 13:00:00,400.08300538077543
2012-06-30 14:00:00,396.62044858438037
2012-06-30 15:00:00,420.9061540550616
2012-06-30 16:00:00,398.4420947195222
2012-06-30 17:00:00,411.5789803885427
2012-06-30 18:00:00,381.1710680797672
2012-06-30 19:00:00,336.15748188517694
2012-06-30 20:00:00,337.2825290364175
2012-06-30 21:00:00,281.5001284971758
2012-06-30 22:00:00,212.60511225925487
2012-06-30 23:00:00,203.8088492095002
2012-07-20 00:00:00,38.32830801965221
2012-07-20 01:00:00,28.995538173157453
2012-07-20 02:00:00,12.128771436878944
2012-07-20 03:00:00,9.460704434855408
2012-07-20 04:00:00,8.54877258994525
2012-07-20 05:00:00,37.95345897574993
2012-07-20 06:00:00,133.63179185772736
2012-07-20 07:00:00,351.14806145758286
2012-07-20 08:00:00,512.222224957943
2012-07-20 09:00:00,362.0014772221094
2012-07-20 10:00:00,222.20983772628148
2012-07-20 11:00:00,206.99438544928398
2012-07-20 12:00:00,145.27266472052207
2012-07-20 13:00:00,146.16748647721252
2012-07-20 14:00:00,150.29534565609887
2012-07-20 15:00:00,175.08361377232652
2012-07-20 16:00:00,190.8141386281108
2012-07-20 17:00:00,259.69227085767903
2012-07-20 18:00:00,391.90660528120014
2012-07-20 19:00:00,261.8427820315238
2012-07-20 20:00:00,75.38141710922325
2012-07-20 21:00:00,67.49376202328713
2012-07-20 22:00:00,159.06593015895007
2012-07-20 23:00:00,99.95285831532662
2012-07-21 00:00:00,75.16820791532875
2012-07-21 01:00:00,61.56272841260321
2012-07-21 02:00:00,41.77374762662338
2012-07-21 03:00:00,18.89696940395405
2012-07-21 04:00:00,6.370194306269628
2012-07-21 05:00:00,7.552797756510699
2012-07-21 06:00:00,17.891679212399783
2012-07-21 07:00:00,60.705816917685596
2012-07-21 08:00:00,177.19940097336965
2012-07-21 09:00:00,226.84864379016548
2012-07-21 10:00:00,162.4429374653299
2012-07-21 11:00:00,327.51206270530724
2012-07-21 12:00:00,184.45628021044493
2012-07-21 13:00:00,198.58738859258932
2012-07-21 14:00:00,332.85591009112886
2012-07-21 15:00:00,197.78327107603232
2012-07-21 16:00:00,169.90777903611473
2012-07-21 17:00:00,151.74291038569675
2012-07-21 18:00:00,230.60862018351423
2012-07-21 19:00:00,200.12355214220005
2012-07-21 20:00:00,121.48234270797202
2012-07-21 21:00:00,133.16547164178934
2012-07-21 22:00:00,121.7224566212213
2012-07-21 23:00:00,101.27821000211182
2012-07-22 00:00:00,93.80577178647196
2012-07-22 01:00:00,107.49849881241848
2012-07-22 02:00:00,59.58692669099918
2012-07-22 03:00:00,30.78979764038816
2012-07-22 04:00:00,8.686027897854892
2012-07-22 05:00:00,8.91690100575029
2012-07-22 06:00:00,15.131194739331375
2012-07-22 07:00:00,25.50811773762024
2012-07-22 08:00:00,88.63316675933947
2012-07-22 09:00:00,228.35970320219195
2012-07-22 10:00:00,355.906183868692
2012-07-22 11:00:00,365.18914342690204
2012-07-22 12:00:00,374.8395007108873
2012-07-22 13:00:00,435.7587797777565
2012-07-22 14:00:00,396.4419563011384
2012-07-22 15:00:00,413.0714603472759
2012-07-22 16:00:00,357.374303908464
2012-07-22 17:00:00,337.2222236123068
2012-07-22 18:00:00,377.1634694715472
2012-07-22 19:00:00,341.6277307826986
2012-07-22 20:00:00,193.62134591205006
2012-07-22 21:00:00,138.69055862341378
2012-07-22 22:00:00,118.22010678861493
2012-07-22 23:00:00,90.31943299250227
2012-07-23 00:00:00,24.253916968515803
2012-07-23 01:00:00,10.453391285888292
2012-07-23 02:00:00,7.09573567683368
2012-07-23 03:00:00,4.086627627411902
2012-07-23 04:00:00,6.129336523215252
2012-07-23 05:00:00,30.805496399443975
2012-07-23 06:00:00,87.92794544425662
2012-07-23 07:00:00,386.20026207138096
2012-07-23 08:00:00,619.8335589976557
2012-07-23 09:00:00,347.20255856511295
2012-07-23 10:00:00,167.0949513044643
2012-07-23 11:00:00,253.5858003148594
2012-07-23 12:00:00,321.68595762887725
2012-07-23 13:00:00,323.66278494307056
2012-07-23 14:00:00,264.0545373114435
2012-07-23 15:00:00,201.67996509990408
2012-07-23 16:00:00,365.5917929661588
2012-07-23 17:00:00,732.612027788718
2012-07-23 18:00:00,683.3818855794904
2012-07-23 19:00:00,515.3723948624786
2012-07-23 20:00:00,420.41892699821955
2012-07-23 21:00:00,286.22312381306614
2012-07-23 22:00:00,180.9807159462092
2012-07-23 23:00:00,93.46109039392982
2012-07-24 00:00:00,40.2208983765357
2012-07-24 01:00:00,17.615176369490204
2012-07-24 02:00:00,7.91132848103357
2012-07-24 03:00:00,5.404645381562991
2012-07-24 04:00:00,6.689770520771496
2012-07-24 05:00:00,32.86723368593737
2012-07-24 06:00:00,129.0654466924929
2012-07-24 07:00:00,369.97306804750576
2012-07-24 08:00:00,592.5019206055996
2012-07-24 09:00:00,208.69208539061182
2012-07-24 10:00:00,125.2750312098922
2012-07-24 11:00:00,149.95288433012865
2012-07-24 12:00:00,210.70963184706775
2012-07-24 13:00:00,181.75239646319767
2012-07-24 14:00:00,184.01184905762435
2012-07-24 15:00:00,176.49021877870084
2012-07-24 16:00:00,363.66915006188214
2012-07-24 17:00:00,614.5711229889761
2012-07-24 18:00:00,642.148401077944
2012-07-24 19:00:00,521.0589534139372
2012-07-24 20:00:00,348.1898639902385
2012-07-24 21:00:00,266.76181004231097
2012-07-24 22:00:00,179.8893256889595
2012-07-24 23:00:00,83.72933688510372
2012-07-25 00:00:00,38.40267347864895
2012-07-25 01:00:00,16.324190330257846
2012-07-25 02:00:00,7.905283609715939
2012-07-25 03:00:00,5.929135260941616
2012-07-25 04:00:00,6.136767593244228
2012-07-25 05:00:00,32.67637612867199
2012-07-25 06:00:00,150.32967778500569
2012-07-25 07:00:00,380.2423349602522
2012-07-25 08:00:00,533.0013313294402
2012-07-25 09:00:00,243.91899572862417
2012-07-25 10:00:00,141.74741785150425
2012-07-25 11:00:00,153.9583527123615
2012-07-25 12:00:00,217.93861652607904
2012-07-25 13:00:00,219.52709784452628
2012-07-25 14:00:00,196.00563443100793
2012-07-25 15:00:00,225.4750596861988
2012-07-25 16:00:00,371.77193990532436
2012-07-25 17:00:00,704.7910546113486
2012-07-25 18:00:00,598.3181288600415
2012-07-25 19:00:00,445.5984291230672
2012-07-25 20:00:00,392.59416252170195
2012-07-25 21:00:00,294.47497221866485
2012-07-25 22:00:00,232.4334870518259
2012-07-25 23:00:00,116.06893084732528
2012-07-26 00:00:00,54.338412534492775
2012-07-26 01:00:00,18.608688003939136
2012-07-26 02:00:00,11.60116028637695
2012-07-26 03:00:00,6.495609795020325
2012-07-26 04:00:00,5.89205521561744
2012-07-26 05:00:00,29.392048884605767
2012-07-26 06:00:00,174.84475536691565
2012-07-26 07:00:00,475.1991404350497
2012-07-26 08:00:00,511.91700769116625
2012-07-26 09:00:00,282.0617682706894
2012-07-26 10:00:00,166.89547937077376
2012-07-26 11:00:00,176.855923089635
2012-07-26 12:00:00,220.5387334510392
2012-07-26 13:00:00,190.56436021754826
2012-07-26 14:00:00,191.97739380785356
2012-07-26 15:00:00,187.77935672874318
2012-07-26 16:00:00,298.811769818817
2012-07-26 17:00:00,581.1566112152597
2012-07-26 18:00:00,542.8217857798428
2012-07-26 19:00:00,403.60715975242374
2012-07-26 20:00:00,420.6537445204494
2012-07-26 21:00:00,205.82648741216533
2012-07-26 22:00:00,161.89236575170435
2012-07-26 23:00:00,163.50580394699202
2012-07-27 00:00:00,87.40695496940486
2012-07-27 01:00:00,33.353527024565
2012-07-27 02:00:00,14.271249572007429
2012-07-27 03:00:00,8.715422323617897
2012-07-27 04:00:00,6.705569737406469
2012-07-27 05:00:00,34.304765513575006
2012-07-27 06:00:00,124.96520700710272
2012-07-27 07:00:00,412.249544554378
2012-07-27 08:00:00,561.8205426983333
2012-07-27 09:00:00,286.60812476831467
2012-07-27 10:00:00,242.48644600195593
2012-07-27 11:00:00,218.9402176281476
2012-07-27 12:00:00,271.0143842510319
2012-07-27 13:00:00,250.750975134118
2012-07-27 14:00:00,230.30279678940786
2012-07-27 15:00:00,261.1375458489473
2012-07-27 16:00:00,374.0916953999358
2012-07-27 17:00:00,577.3325621356615
2012-07-27 18:00:00,630.7453876980345
2012-07-27 19:00:00,502.06088127101054
2012-07-27 20:00:00,317.0592028551768
2012-07-27 21:00:00,271.22032541575584
2012-07-27 22:00:00,228.23799618814894
2012-07-27 23:00:00,188.83476683260471
2012-07-28 00:00:00,129.33541094548832
2012-07-28 01:00:00,115.75565337780002
2012-07-28 02:00:00,88.8799910403429
2012-07-28 03:00:00,38.089306982754756
2012-07-28 04:00:00,9.20643553175383
2012-07-28 05:00:00,12.045516572731367
2012-07-28 06:00:00,30.603596788975835
2012-07-28 07:00:00,63.47660939700066
2012-07-28 08:00:00,147.8645135934628
2012-07-28 09:00:00,275.28132094494424
2012-07-28 10:00:00,330.1679798742144
2012-07-28 11:00:00,374.8067931933355
2012-07-28 12:00:00,391.9907083385311
2012-07-28 13:00:00,427.4525159100308
2012-07-28 14:00:00,419.58219138919867
2012-07-28 15:00:00,434.4146118490332
2012-07-28 16:00:00,477.5330924112824
2012-07-28 17:00:00,377.5640182228714
2012-07-28 18:00:00,368.86841005019375
2012-07-28 19:00:00,297.6456776999947
2012-07-28 20:00:00,291.2805355126593
2012-07-28 21:00:00,251.88932181039388
2012-07-28 22:00:00,222.674205982853
2012-07-28 23:00:00,202.13130731467064
2012-07-29 00:00:00,152.21090989651174
2012-07-29 01:00:00,133.62268012203097
2012-07-29 02:00:00,86.3776763736481
2012-07-29 03:00:00,37.105731241990696
2012-07-29 04:00:00,8.980477912797761
2012-07-29 05:00:00,9.066192740806544
2012-07-29 06:00:00,19.103299133746827
2012-07-29 07:00:00,43.30545457507443
2012-07-29 08:00:00,90.43005536958657
2012-07-29 09:00:00,180.75389359417994
2012-07-29 10:00:00,338.78979742957017
2012-07-29 11:00:00,319.98826422721436
2012-07-29 12:00:00,383.7832770413657
2012-07-29 13:00:00,408.6682451488376
2012-07-29 14:00:00,385.001621955238
2012-07-29 15:00:00,396.09881142078444
2012-07-29 16:00:00,389.8065375458476
2012-07-29 17:00:00,422.24858956285817
2012-07-29 18:00:00,395.2637338190759
2012-07-29 19:00:00,324.7602616190681
2012-07-29 20:00:00,254.5905680023573
2012-07-29 21:00:00,213.761012577331
2012-07-29 22:00:00,124.46614325345897
2012-07-29 23:00:00,105.2989668857864
2012-07-30 00:00:00,41.1005710110231
2012-07-30 01:00:00,19.950960974528474
2012-07-30 02:00:00,11.656950090764367
2012-07-30 03:00:00,4.922497590019745
2012-07-30 04:00:00,5.859984694525164
2012-07-30 05:00:00,30.00008023252412
2012-07-30 06:00:00,115.70615261752786
2012-07-30 07:00:00,291.70252119873754
2012-07-30 08:00:00,533.8116840395099
2012-07-30 09:00:00,335.38991786681515
2012-07-30 10:00:00,174.10887873081674
2012-07-30 11:00:00,231.7523105007026
2012-07-30 12:00:00,291.63367749617964
2012-07-30 13:00:00,234.60167594808965
2012-07-30 14:00:00,209.03030239131468
2012-07-30 15:00:00,225.38315319428182
2012-07-30 16:00:00,352.8422793257004
2012-07-30 17:00:00,568.1111603071606
2012-07-30 18:00:00,496.04420168886463
2012-07-30 19:00:00,546.7545059280156
2012-07-30 20:00:00,410.42856755338755
2012-07-30 21:00:00,284.5247530641566
2012-07-30 22:00:00,158.732622101451
2012-07-30 23:00:00,80.09225740362771
2012-07-31 00:00:00,35.74666662809446
2012-07-31 01:00:00,16.093196522622833
2012-07-31 02:00:00,7.693614737012897
2012-07-31 03:00:00,4.953229755872531
2012-07-31 04:00:00,6.689770520771496
2012-07-31 05:00:00,30.699476303569654
2012-07-31 06:00:00,126.80493194043618
2012-07-31 07:00:00,341.4222118213755
2012-07-31 08:00:00,506.45046937699266
2012-07-31 09:00:00,327.5457971455392
2012-07-31 10:00:00,163.3263476249353
2012-07-31 11:00:00,173.86811671651142
2012-07-31 12:00:00,252.28058403508663
2012-07-31 13:00:00,189.99302155621498
2012-07-31 14:00:00,179.18629481000795
2012-07-31 15:00:00,238.2216997668031
2012-07-31 16:00:00,375.0515432224462
2012-07-31 17:00:00,667.0734258541383
2012-07-31 18:00:00,597.0635540280703
2012-07-31 19:00:00,450.0024061218432
2012-07-31 20:00:00,289.10060732270983
2012-07-31 21:00:00,208.43818547062713
2012-07-31 22:00:00,165.69036464005478
2012-07-31 23:00:00,108.39205316161156
2012-08-20 00:00:00,23.279934965936974
2012-08-20 01:00:00,16.70170797650804
2012-08-20 02:00:00,9.389755504914673
2012-08-20 03:00:00,3.6084789248118487
2012-08-20 04:00:00,4.9793665863928345
2012-08-20 05:00:00,16.044988943436948
2012-08-20 06:00:00,122.65099230028699
2012-08-20 07:00:00,320.1086743068238
2012-08-20 08:00:00,554.7148875341968
2012-08-20 09:00:00,219.11431966634515
2012-08-20 10:00:00,136.9076697322582
2012-08-20 11:00:00,185.88933784795435
2012-08-20 12:00:00,271.5189785861518
2012-08-20 13:00:00,219.14712942328148
2012-08-20 14:00:00,206.2070553182177
2012-08-20 15:00:00,238.90651180267417
2012-08-20 16:00:00,370.45853276595875
2012-08-20 17:00:00,588.6759161086014
2012-08-20 18:00:00,577.0039551094756
2012-08-20 19:00:00,442.81308663138765
2012-08-20 20:00:00,226.82149477935343
2012-08-20 21:00:00,127.64435655825484
2012-08-20 22:00:00,79.54373615083095
2012-08-20 23:00:00,44.150671951226535
2012-08-21 00:00:00,22.512713423034732
2012-08-21 01:00:00,12.93072874680518
2012-08-21 02:00:00,5.6530623315348985
2012-08-21 03:00:00,3.9197054361856574
2012-08-21 04:00:00,6.207451038859405
2012-08-21 05:00:00,31.563159579976304
2012-08-21 06:00:00,136.9770827947598
2012-08-21 07:00:00,313.95583380271944
2012-08-21 08:00:00,512.9019252953728
2012-08-21 09:00:00,218.80568888256113
2012-08-21 10:00:00,151.51205136693613
2012-08-21 11:00:00,184.32114196760028
2012-08-21 12:00:00,297.06490583038817
2012-08-21 13:00:00,278.6351769059604
2012-08-21 14:00:00,275.1608466298338
2012-08-21 15:00:00,275.1733115691944
2012-08-21 16:00:00,429.53700713241477
2012-08-21 17:00:00,606.2308746441716
2012-08-21 18:00:00,726.8567253480737
2012-08-21 19:00:00,400.9573247374592
2012-08-21 20:00:00,248.92575855761862
2012-08-21 21:00:00,194.42977223615043
2012-08-21 22:00:00,113.0620995753465
2012-08-21 23:00:00,78.60274210772506
2012-08-22 00:00:00,40.08041968919287
2012-08-22 01:00:00,12.375974884444066
2012-08-22 02:00:00,5.286555893811028
2012-08-22 03:00:00,5.4948264073942354
2012-08-22 04:00:00,8.21492009284217
2012-08-22 05:00:00,31.109229073994136
2012-08-22 06:00:00,129.53099702860735
2012-08-22 07:00:00,304.9766900886056
2012-08-22 08:00:00,647.9265195452174
2012-08-22 09:00:00,282.8343021260754
2012-08-22 10:00:00,158.8718763460688
2012-08-22 11:00:00,156.05359542564835
2012-08-22 12:00:00,197.27530843308236
2012-08-22 13:00:00,233.04464604410634
2012-08-22 14:00:00,207.55755767494773
2012-08-22 15:00:00,237.05037848772818
2012-08-22 16:00:00,215.9961002425146
2012-08-22 17:00:00,483.1985043286759
2012-08-22 18:00:00,620.065616769723
2012-08-22 19:00:00,371.3394641638094
2012-08-22 20:00:00,452.1990191354912
2012-08-22 21:00:00,242.29365759887918
2012-08-22 22:00:00,178.71254441070587
2012-08-22 23:00:00,105.92225921921285
2012-08-23 00:00:00,53.25150838548187
2012-08-23 01:00:00,16.926344429064873
2012-08-23 02:00:00,8.051322877374538
2012-08-23 03:00:00,6.46294086487419
2012-08-23 04:00:00,6.11470327743988
2012-08-23 05:00:00,27.330575255069203
2012-08-23 06:00:00,92.98868840317886
2012-08-23 07:00:00,282.6531004194254
2012-08-23 08:00:00,471.9143036592706
2012-08-23 09:00:00,285.3232155312828
2012-08-23 10:00:00,169.45411592262678
2012-08-23 11:00:00,223.62867440807935
2012-08-23 12:00:00,288.4829931819759
2012-08-23 13:00:00,273.42587971682053
2012-08-23 14:00:00,196.16505324892478
2012-08-23 15:00:00,231.34081252267163
2012-08-23 16:00:00,362.8029550326438
2012-08-23 17:00:00,639.7733223249522
2012-08-23 18:00:00,736.7373876221968
2012-08-23 19:00:00,485.4768238046031
2012-08-23 20:00:00,365.64740774863003
2012-08-23 21:00:00,269.23840933703144
2012-08-23 22:00:00,191.49986507177553
2012-08-23 23:00:00,106.27599820464043
2012-08-24 00:00:00,71.57451526264155
2012-08-24 01:00:00,27.925699817301556
2012-08-24 02:00:00,16.06074594387354
2012-08-24 03:00:00,7.574592733096996
2012-08-24 04:00:00,6.508732558732643
2012-08-24 05:00:00,22.203062215036677
2012-08-24 06:00:00,75.6734566096611
2012-08-24 07:00:00,214.03680687921118
2012-08-24 08:00:00,566.8699159621405
2012-08-24 09:00:00,347.6458774476918
2012-08-24 10:00:00,269.4720390987917
2012-08-24 11:00:00,290.72188715668796
2012-08-24 12:00:00,336.78705799699003
2012-08-24 13:00:00,359.37435075311356
2012-08-24 14:00:00,215.80245356710316
2012-08-24 15:00:00,355.6440795702694
2012-08-24 16:00:00,453.52338464249505
2012-08-24 17:00:00,689.0794122344957
2012-08-24 18:00:00,585.664129605946
2012-08-24 19:00:00,502.42873633914013
2012-08-24 20:00:00,270.16036111250276
2012-08-24 21:00:00,244.66264778711852
2012-08-24 22:00:00,259.3698915644164
2012-08-24 23:00:00,129.81604775335313
2012-08-25 00:00:00,127.22804689563533
2012-08-25 01:00:00,117.7822909911597
2012-08-25 02:00:00,66.98503283739646
2012-08-25 03:00:00,33.96106332616701
2012-08-25 04:00:00,9.580610402651805
2012-08-25 05:00:00,9.949130029670323
2012-08-25 06:00:00,27.99145167125242
2012-08-25 07:00:00,48.819482889959254
2012-08-25 08:00:00,129.70294181661205
2012-08-25 09:00:00,236.11607342503072
2012-08-25 10:00:00,309.2234337520612
2012-08-25 11:00:00,355.3362477598542
2012-08-25 12:00:00,494.3754411525444
2012-08-25 13:00:00,459.9443127766233
2012-08-25 14:00:00,389.9636329269013
2012-08-25 15:00:00,351.2554071864322
2012-08-25 16:00:00,356.09223386603986
2012-08-25 17:00:00,315.2043110261654
2012-08-25 18:00:00,403.92676134521025
2012-08-25 19:00:00,272.49265406736
2012-08-25 20:00:00,93.60613054375875
2012-08-25 21:00:00,132.32872823736494
2012-08-25 22:00:00,121.20628571572172
2012-08-25 23:00:00,138.43241826030987
2012-08-26 00:00:00,131.49692898509835
2012-08-26 01:00:00,87.2917055445857
2012-08-26 02:00:00,71.1256595769804
2012-08-26 03:00:00,32.885591095371304
2012-08-26 04:00:00,8.196363860156417
2012-08-26 05:00:00,7.649235754694547
2012-08-26 06:00:00,13.133237074717728
2012-08-26 07:00:00,24.96448450478504
2012-08-26 08:00:00,101.84758784178874
2012-08-26 09:00:00,179.9395127686592
2012-08-26 10:00:00,325.26533540350766
2012-08-26 11:00:00,401.38314263541974
2012-08-26 12:00:00,311.04268479098045
2012-08-26 13:00:00,263.41317130931174
2012-08-26 14:00:00,284.2329367244199
2012-08-26 15:00:00,134.66292588035097
2012-08-26 16:00:00,131.80704504494093
2012-08-26 17:00:00,181.62997823218245
2012-08-26 18:00:00,189.2569113870662
2012-08-26 19:00:00,195.96470201248553
2012-08-26 20:00:00,201.87374149346397
2012-08-26 21:00:00,122.84595913466735
2012-08-26 22:00:00,123.94803010823212
2012-08-26 23:00:00,96.04491994062077
2012-08-27 00:00:00,34.27924868188761
2012-08-27 01:00:00,10.84685193002805
2012-08-27 02:00:00,7.698361536643729
2012-08-27 03:00:00,4.345385262510303
2012-08-27 04:00:00,4.798609722517232
2012-08-27 05:00:00,18.194168167297903
2012-08-27 06:00:00,72.48509722833815
2012-08-27 07:00:00,240.21995554009672
2012-08-27 08:00:00,434.01086677921586
2012-08-27 09:00:00,242.4808959911759
2012-08-27 10:00:00,188.03194020541486
2012-08-27 11:00:00,179.86187885028752
2012-08-27 12:00:00,230.7936517357732
2012-08-27 13:00:00,228.79186200997566
2012-08-27 14:00:00,208.86461120515028
2012-08-27 15:00:00,178.4791177905282
2012-08-27 16:00:00,357.36680597583114
2012-08-27 17:00:00,659.212507283733
2012-08-27 18:00:00,681.2176865269123
2012-08-27 19:00:00,577.1170474677169
2012-08-27 20:00:00,405.9139477411949
2012-08-27 21:00:00,268.74100057573344
2012-08-27 22:00:00,131.22539385936577
2012-08-27 23:00:00,77.74202231184543
2012-08-28 00:00:00,51.497797983239586
2012-08-28 01:00:00,16.373998013188977
2012-08-28 02:00:00,11.053748106210557
2012-08-28 03:00:00,6.176928651891048
2012-08-28 04:00:00,6.302640098419502
2012-08-28 05:00:00,33.6909280356545
2012-08-28 06:00:00,195.6406287472252
2012-08-28 07:00:00,363.6622136894711
2012-08-28 08:00:00,595.8908804333479
2012-08-28 09:00:00,315.07252449455103
2012-08-28 10:00:00,138.50082122544367
2012-08-28 11:00:00,173.4878252907101
2012-08-28 12:00:00,191.45247883904767
2012-08-28 13:00:00,175.41528494202888
2012-08-28 14:00:00,160.1063954541169
2012-08-28 15:00:00,237.19861295226156
2012-08-28 16:00:00,331.201747670398
2012-08-28 17:00:00,678.5304855216996
2012-08-28 18:00:00,735.802108565091
2012-08-28 19:00:00,485.8712171587466
2012-08-28 20:00:00,340.8146845333341
2012-08-28 21:00:00,249.9596143424467
2012-08-28 22:00:00,196.09322861315604
2012-08-28 23:00:00,105.15917342001471
2012-08-29 00:00:00,45.41779106911272
2012-08-29 01:00:00,14.926873021350914
2012-08-29 02:00:00,6.443557149128348
2012-08-29 03:00:00,7.0525561209571315
2012-08-29 04:00:00,5.7002741969516295
2012-08-29 05:00:00,32.928412595846375
2012-08-29 06:00:00,147.64497600148704
2012-08-29 07:00:00,369.4900013642214
2012-08-29 08:00:00,550.7742817587819
2012-08-29 09:00:00,243.26725460068107
2012-08-29 10:00:00,183.13510362191448
2012-08-29 11:00:00,220.02698341879892
2012-08-29 12:00:00,246.28990164105338
2012-08-29 13:00:00,217.41589707681047
2012-08-29 14:00:00,241.31152961733434
2012-08-29 15:00:00,267.6307394225792
2012-08-29 16:00:00,390.87901758995037
2012-08-29 17:00:00,706.283778242704
2012-08-29 18:00:00,723.5577441160689
2012-08-29 19:00:00,563.936079208988
2012-08-29 20:00:00,392.18234379519714
2012-08-29 21:00:00,325.728945000436
2012-08-29 22:00:00,229.52124103928543
2012-08-29 23:00:00,122.44366454458093
2012-08-30 00:00:00,60.10543862364202
2012-08-30 01:00:00,22.652263071860272
2012-08-30 02:00:00,7.947666477592717
2012-08-30 03:00:00,5.696804915681694
2012-08-30 04:00:00,6.325329783193583
2012-08-30 05:00:00,27.494974132206337
2012-08-30 06:00:00,146.83770181539768
2012-08-30 07:00:00,400.5161068461049
2012-08-30 08:00:00,537.6642562469959
2012-08-30 09:00:00,297.1003208376197
2012-08-30 10:00:00,177.927212810118
2012-08-30 11:00:00,242.3505072998156
2012-08-30 12:00:00,267.5776563146556
2012-08-30 13:00:00,266.8657542758558
2012-08-30 14:00:00,235.36584938378172
2012-08-30 15:00:00,239.01874886825325
2012-08-30 16:00:00,365.82442016614687
2012-08-30 17:00:00,788.7054970281395
2012-08-30 18:00:00,669.5415519692792
2012-08-30 19:00:00,549.8589909333731
2012-08-30 20:00:00,374.83342368847093
2012-08-30 21:00:00,312.96664238876576
2012-08-30 22:00:00,189.8975576456233
2012-08-30 23:00:00,131.83954275736318
2012-08-31 00:00:00,61.24384751782257
2012-08-31 01:00:00,31.017379075413192
2012-08-31 02:00:00,15.59825058208184
2012-08-31 03:00:00,8.637796192875632
2012-08-31 04:00:00,7.298012096108468
2012-08-31 05:00:00,33.425427784114135
2012-08-31 06:00:00,116.47410481299089
2012-08-31 07:00:00,280.1384504883331
2012-08-31 08:00:00,683.7453181767175
2012-08-31 09:00:00,320.8744664358797
2012-08-31 10:00:00,194.23832492479863
2012-08-31 11:00:00,180.1415178155228
2012-08-31 12:00:00,254.59663798686444
2012-08-31 13:00:00,235.7529159626697
2012-08-31 14:00:00,263.96226066459667
2012-08-31 15:00:00,236.65316956152162
2012-08-31 16:00:00,363.9720516791361
2012-08-31 17:00:00,668.2870700747068
2012-08-31 18:00:00,539.3968261453325
2012-08-31 19:00:00,430.7670658047707
2012-08-31 20:00:00,342.1704581799155
2012-08-31 21:00:00,258.59386726453187
2012-08-31 22:00:00,227.20436857629866
2012-08-31 23:00:00,170.36883068847143
2012-09-20 00:00:00,68.2060469594302
2012-09-20 01:00:00,23.722586526527365
2012-09-20 02:00:00,14.631709556677933
2012-09-20 03:00:00,9.240608870415254
2012-09-20 04:00:00,6.233383842449201
2012-09-20 05:00:00,46.52341837246924
2012-09-20 06:00:00,193.23645319492536
2012-09-20 07:00:00,679.6119986734352
2012-09-20 08:00:00,738.0119650186499
2012-09-20 09:00:00,333.53241816659244
2012-09-20 10:00:00,191.090758270817
2012-09-20 11:00:00,217.0462064503684
2012-09-20 12:00:00,291.7738854572944
2012-09-20 13:00:00,299.09758795956975
2012-09-20 14:00:00,249.63253270035054
2012-09-20 15:00:00,270.3277533755033
2012-09-20 16:00:00,349.08807991523025
2012-09-20 17:00:00,755.263077372486
2012-09-20 18:00:00,661.3190950408442
2012-09-20 19:00:00,487.1589844487621
2012-09-20 20:00:00,359.6731606963869
2012-09-20 21:00:00,302.2285586857451
2012-09-20 22:00:00,236.5380956229198
2012-09-20 23:00:00,146.0038573232853
2012-09-21 00:00:00,84.25262877416931
2012-09-21 01:00:00,47.46781347690998
2012-09-21 02:00:00,23.554087531710618
2012-09-21 03:00:00,10.774988242269679
2012-09-21 04:00:00,8.734470609832265
2012-09-21 05:00:00,44.25724271959935
2012-09-21 06:00:00,168.65557857144677
2012-09-21 07:00:00,515.2662423542905
2012-09-21 08:00:00,782.7558360754473
2012-09-21 09:00:00,319.95164657183597
2012-09-21 10:00:00,194.50386270993653
2012-09-21 11:00:00,207.4065826263677
2012-09-21 12:00:00,281.65050593657327
2012-09-21 13:00:00,289.85427034916194
2012-09-21 14:00:00,259.24241170747126
2012-09-21 15:00:00,274.08378323863514
2012-09-21 16:00:00,371.6418430618129
2012-09-21 17:00:00,517.1729388659927
2012-09-21 18:00:00,541.9135088727564
2012-09-21 19:00:00,423.50765378001665
2012-09-21 20:00:00,271.14157614156704
2012-09-21 21:00:00,200.5795407965807
2012-09-21 22:00:00,207.24889842884593
2012-09-21 23:00:00,107.22517359140873
2012-09-22 00:00:00,126.68152188293647
2012-09-22 01:00:00,75.64243080386544
2012-09-22 02:00:00,73.77642372911629
2012-09-22 03:00:00,38.86919468036631
2012-09-22 04:00:00,11.138818319365873
2012-09-22 05:00:00,12.308368748011837
2012-09-22 06:00:00,36.41025770993775
2012-09-22 07:00:00,79.59013734677953
2012-09-22 08:00:00,163.36864197898402
2012-09-22 09:00:00,230.90273803799445
2012-09-22 10:00:00,399.08250186787933
2012-09-22 11:00:00,433.1404706647205
2012-09-22 12:00:00,485.45020279476904
2012-09-22 13:00:00,455.8621565114035
2012-09-22 14:00:00,480.00575060585345
2012-09-22 15:00:00,579.9996920730769
2012-09-22 16:00:00,464.6668538165289
2012-09-22 17:00:00,450.82864477336017
2012-09-22 18:00:00,397.9231847881327
2012-09-22 19:00:00,310.926277961609
2012-09-22 20:00:00,356.8889671257335
2012-09-22 21:00:00,320.8642152734292
2012-09-22 22:00:00,239.99452070412264
2012-09-22 23:00:00,195.29278483451307
2012-09-23 00:00:00,132.1979881101977
2012-09-23 01:00:00,60.39229613532084
2012-09-23 02:00:00,56.53557848705039
2012-09-23 03:00:00,22.271317008753005
2012-09-23 04:00:00,9.619490711735033
2012-09-23 05:00:00,7.836313530401012
2012-09-23 06:00:00,16.33363502979735
2012-09-23 07:00:00,28.749267796334244
2012-09-23 08:00:00,82.44526737092502
2012-09-23 09:00:00,186.25471162709053
2012-09-23 10:00:00,326.67746267366465
2012-09-23 11:00:00,446.31441678325854
2012-09-23 12:00:00,444.41395460884274
2012-09-23 13:00:00,553.2213697052431
2012-09-23 14:00:00,521.803872355105
2012-09-23 15:00:00,447.7423727302254
2012-09-23 16:00:00,424.8567657920561
2012-09-23 17:00:00,419.8013278496663
2012-09-23 18:00:00,469.64006013545696
2012-09-23 19:00:00,291.8366392170633
2012-09-23 20:00:00,201.93670594012335
2012-09-23 21:00:00,163.40027253768443
2012-09-23 22:00:00,116.86458741794694
2012-09-23 23:00:00,90.99782886292097
2012-09-24 00:00:00,40.98250449676433
2012-09-24 01:00:00,21.494476430077622
2012-09-24 02:00:00,9.13115628376446
2012-09-24 03:00:00,5.368025206771093
2012-09-24 04:00:00,7.131046435032878
2012-09-24 05:00:00,29.878939102706525
2012-09-24 06:00:00,110.28061932333316
2012-09-24 07:00:00,415.9667445840568
2012-09-24 08:00:00,460.5260938595053
2012-09-24 09:00:00,242.4985870934134
2012-09-24 10:00:00,159.8429179668514
2012-09-24 11:00:00,169.51408162848864
2012-09-24 12:00:00,205.40224870416438
2012-09-24 13:00:00,153.88928651600241
2012-09-24 14:00:00,186.1782591850727
2012-09-24 15:00:00,175.30674793943024
2012-09-24 16:00:00,328.2609715751981
2012-09-24 17:00:00,593.9326665011326
2012-09-24 18:00:00,622.538791795972
2012-09-24 19:00:00,399.3623370598842
2012-09-24 20:00:00,245.00377829781766
2012-09-24 21:00:00,171.1775203957785
2012-09-24 22:00:00,134.24945690195852
2012-09-24 23:00:00,62.86924003645688
2012-09-25 00:00:00,31.148125963119746
2012-09-25 01:00:00,10.808384958454388
2012-09-25 02:00:00,5.89211140690268
2012-09-25 03:00:00,3.3280121492514687
2012-09-25 04:00:00,5.33503425855659
2012-09-25 05:00:00,34.271885771151446
2012-09-25 06:00:00,139.56879374306305
2012-09-25 07:00:00,400.90972091710347
2012-09-25 08:00:00,612.5021613582925
2012-09-25 09:00:00,310.21632552506617
2012-09-25 10:00:00,140.57064618016494
2012-09-25 11:00:00,184.26261574237395
2012-09-25 12:00:00,199.64308562126
2012-09-25 13:00:00,207.7841272514139
2012-09-25 14:00:00,211.01026391253643
2012-09-25 15:00:00,217.4334183471492
2012-09-25 16:00:00,415.0216978822215
2012-09-25 17:00:00,723.4359625815739
2012-09-25 18:00:00,730.2271540496674
2012-09-25 19:00:00,412.6706284665216
2012-09-25 20:00:00,308.4648547900421
2012-09-25 21:00:00,223.33476986476663
2012-09-25 22:00:00,157.51718284020632
2012-09-25 23:00:00,86.68172525003561
2012-09-26 00:00:00,47.790438141056136
2012-09-26 01:00:00,15.326056433515397
2012-09-26 02:00:00,6.8350861389547815
2012-09-26 03:00:00,7.176138452109435
2012-09-26 04:00:00,10.110365665731633
2012-09-26 05:00:00,44.948319847166395
2012-09-26 06:00:00,186.35420894085632
2012-09-26 07:00:00,487.7726307472237
2012-09-26 08:00:00,653.8707352594242
2012-09-26 09:00:00,396.22122109280247
2012-09-26 10:00:00,183.86651519106445
2012-09-26 11:00:00,217.38376113869023
2012-09-26 12:00:00,291.05061885866127
2012-09-26 13:00:00,292.5314487209174
2012-09-26 14:00:00,202.1713105156432
2012-09-26 15:00:00,246.50385307875578
2012-09-26 16:00:00,358.8780836195008
2012-09-26 17:00:00,761.260363975838
2012-09-26 18:00:00,807.2177852377912
2012-09-26 19:00:00,677.0363680170683
2012-09-26 20:00:00,362.0170129734778
2012-09-26 21:00:00,278.46835017878396
2012-09-26 22:00:00,174.48628819720912
2012-09-26 23:00:00,92.63000252409348
2012-09-27 00:00:00,73.57010449362635
2012-09-27 01:00:00,26.3728683518198
2012-09-27 02:00:00,12.854801187184444
2012-09-27 03:00:00,7.464748045644421
2012-09-27 04:00:00,5.748960332698748
2012-09-27 05:00:00,38.30944232092644
2012-09-27 06:00:00,129.05436939173774
2012-09-27 07:00:00,366.0636537824147
2012-09-27 08:00:00,770.0003080533938
2012-09-27 09:00:00,414.6806623281825
2012-09-27 10:00:00,202.46371863862984
2012-09-27 11:00:00,209.25329100306706
2012-09-27 12:00:00,306.5615551444969
2012-09-27 13:00:00,305.90022055737836
2012-09-27 14:00:00,308.9183644441665
2012-09-27 15:00:00,350.6917481119089
2012-09-27 16:00:00,458.08780980284234
2012-09-27 17:00:00,838.3520837708181
2012-09-27 18:00:00,744.0350942638976
2012-09-27 19:00:00,542.5963850427487
2012-09-27 20:00:00,419.0001847189858
2012-09-27 21:00:00,109.45246662485921
2012-09-27 22:00:00,89.49984971397687
2012-09-27 23:00:00,79.20850377400411
2012-09-28 00:00:00,53.096992330534654
2012-09-28 01:00:00,23.83865725598752
2012-09-28 02:00:00,10.283558719795671
2012-09-28 03:00:00,8.240546996406977
2012-09-28 04:00:00,5.4243246957727616
2012-09-28 05:00:00,30.06060909448436
2012-09-28 06:00:00,89.95212566134076
2012-09-28 07:00:00,269.724648688842
2012-09-28 08:00:00,614.6367697727374
2012-09-28 09:00:00,379.02332685460317
2012-09-28 10:00:00,256.31795020680215
2012-09-28 11:00:00,316.3480685197345
2012-09-28 12:00:00,438.72625608387114
2012-09-28 13:00:00,400.8653722429436
2012-09-28 14:00:00,417.47851974790785
2012-09-28 15:00:00,325.8407943579766
2012-09-28 16:00:00,491.4304683273832
2012-09-28 17:00:00,777.1296712512084
2012-09-28 18:00:00,586.5064437300363
2012-09-28 19:00:00,294.4423973672462
2012-09-28 20:00:00,328.0968157809159
2012-09-28 21:00:00,271.1128751966463
2012-09-28 22:00:00,153.3873795090836
2012-09-28 23:00:00,104.5925760676624
2012-09-29 00:00:00,125.97559283663718
2012-09-29 01:00:00,72.75033842216487
2012-09-29 02:00:00,48.97866719825528
2012-09-29 03:00:00,27.783369388536375
2012-09-29 04:00:00,10.268983351357425
2012-09-29 05:00:00,8.658099037173978
2012-09-29 06:00:00,27.39779333201601
2012-09-29 07:00:00,49.60819141641771
2012-09-29 08:00:00,123.48011036027839
2012-09-29 09:00:00,301.3817815060723
2012-09-29 10:00:00,399.05947655083935
2012-09-29 11:00:00,456.1056781899916
2012-09-29 12:00:00,569.4740474355013
2012-09-29 13:00:00,580.1963634129581
2012-09-29 14:00:00,482.96700076716996
2012-09-29 15:00:00,529.5130837130317
2012-09-29 16:00:00,660.3876021519058
2012-09-29 17:00:00,513.6307741974539
2012-09-29 18:00:00,434.6477125235368
2012-09-29 19:00:00,305.7545365319054
2012-09-29 20:00:00,255.32852279062655
2012-09-29 21:00:00,260.1130173195367
2012-09-29 22:00:00,193.84416397836932
2012-09-29 23:00:00,178.24540110293077
2012-09-30 00:00:00,99.82820664983747
2012-09-30 01:00:00,78.90492875712775
2012-09-30 02:00:00,53.984350066615264
2012-09-30 03:00:00,29.351782730925898
2012-09-30 04:00:00,10.349294509288923
2012-09-30 05:00:00,7.064843996481478
2012-09-30 06:00:00,18.1281666637759
2012-09-30 07:00:00,50.8990682477442
2012-09-30 08:00:00,87.69777280525057
2012-09-30 09:00:00,238.82495936154663
2012-09-30 10:00:00,363.8795584058571
2012-09-30 11:00:00,459.5935369415423
2012-09-30 12:00:00,538.4932529588391
2012-09-30 13:00:00,526.5910120757702
2012-09-30 14:00:00,484.80225816816215
2012-09-30 15:00:00,530.6353336059035
2012-09-30 16:00:00,546.5084483672312
2012-09-30 17:00:00,406.61522138800507
2012-09-30 18:00:00,369.45458956224843
2012-09-30 19:00:00,160.455977103619
2012-09-30 20:00:00,138.98025795194437
2012-09-30 21:00:00,140.86648927431648
2012-09-30 22:00:00,101.97636568072555
2012-09-30 23:00:00,83.93740595890324
2012-10-20 00:00:00,127.69281474963081
2012-10-20 01:00:00,91.29798205461385
2012-10-20 02:00:00,72.83006515479696
2012-10-20 03:00:00,27.471692968450657
2012-10-20 04:00:00,7.860536328764372
2012-10-20 05:00:00,7.74049312553125
2012-10-20 06:00:00,21.54288223325288
2012-10-20 07:00:00,82.81342730603546
2012-10-20 08:00:00,128.90934452626905
2012-10-20 09:00:00,267.37193120695366
2012-10-20 10:00:00,344.7369090768934
2012-10-20 11:00:00,510.5199743103562
2012-10-20 12:00:00,502.6918604212363
2012-10-20 13:00:00,537.7350213131854
2012-10-20 14:00:00,505.3176804217417
2012-10-20 15:00:00,539.5745837035497
2012-10-20 16:00:00,618.5144041137183
2012-10-20 17:00:00,561.0939407441773
2012-10-20 18:00:00,427.6969722509102
2012-10-20 19:00:00,272.8204162144606
2012-10-20 20:00:00,217.74499341352865
2012-10-20 21:00:00,244.10935254045222
2012-10-20 22:00:00,177.46576102983352
2012-10-20 23:00:00,148.13098896475358
2012-10-21 00:00:00,122.36358557672672
2012-10-21 01:00:00,59.7940776456117
2012-10-21 02:00:00,60.288801061954786
2012-10-21 03:00:00,23.56495648023533
2012-10-21 04:00:00,10.474020299706984
2012-10-21 05:00:00,5.609778668660939
2012-10-21 06:00:00,13.340010937805586
2012-10-21 07:00:00,54.237455197561644
2012-10-21 08:00:00,120.17792241169246
2012-10-21 09:00:00,199.51670370366173
2012-10-21 10:00:00,316.3014603806782
2012-10-21 11:00:00,375.44340413318304
2012-10-21 12:00:00,518.4712267751205
2012-10-21 13:00:00,546.0830614984066
2012-10-21 14:00:00,492.25648013248286
2012-10-21 15:00:00,416.47284063259457
2012-10-21 16:00:00,625.9926839694413
2012-10-21 17:00:00,464.8680833196204
2012-10-21 18:00:00,441.89132300358244
2012-10-21 19:00:00,282.4437306562158
2012-10-21 20:00:00,171.11378407487712
2012-10-21 21:00:00,158.9945726874466
2012-10-21 22:00:00,118.48676354243872
2012-10-21 23:00:00,97.4210624989025
2012-10-22 00:00:00,29.965238822342116
2012-10-22 01:00:00,12.552081195578149
2012-10-22 02:00:00,7.03470818183525
2012-10-22 03:00:00,4.177332300845164
2012-10-22 04:00:00,5.22773003265042
2012-10-22 05:00:00,23.642470474751047
2012-10-22 06:00:00,86.66077191769824
2012-10-22 07:00:00,272.9062897283855
2012-10-22 08:00:00,552.2714635490609
2012-10-22 09:00:00,251.88740005471053
2012-10-22 10:00:00,137.7430188223368
2012-10-22 11:00:00,152.1249271071732
2012-10-22 12:00:00,233.46819197665633
2012-10-22 13:00:00,187.53337204483236
2012-10-22 14:00:00,212.1513223433802
2012-10-22 15:00:00,210.06557392675447
2012-10-22 16:00:00,361.44297867674055
2012-10-22 17:00:00,694.4998247051946
2012-10-22 18:00:00,690.7410633339392
2012-10-22 19:00:00,354.40066152231867
2012-10-22 20:00:00,218.12263474911202
2012-10-22 21:00:00,185.1578255353199
2012-10-22 22:00:00,134.4265754708309
2012-10-22 23:00:00,73.23727478508816
2012-10-23 00:00:00,27.414795241140062
2012-10-23 01:00:00,12.440680334136895
2012-10-23 02:00:00,5.163582644737028
2012-10-23 03:00:00,4.1959086779477826
2012-10-23 04:00:00,7.386592788596234
2012-10-23 05:00:00,35.66479800882668
2012-10-23 06:00:00,131.55374983339712
2012-10-23 07:00:00,410.04613749295237
2012-10-23 08:00:00,617.7398117965516
2012-10-23 09:00:00,264.1609535568432
2012-10-23 10:00:00,166.66119549374523
2012-10-23 11:00:00,183.04570401245184
2012-10-23 12:00:00,221.09995479819924
2012-10-23 13:00:00,292.3847421827344
2012-10-23 14:00:00,244.94268544446007
2012-10-23 15:00:00,277.5171201672398
2012-10-23 16:00:00,407.96848859739134
2012-10-23 17:00:00,925.9361702606068
2012-10-23 18:00:00,658.1851123356878
2012-10-23 19:00:00,441.8413875072121
2012-10-23 20:00:00,283.17774420398007
2012-10-23 21:00:00,202.79503271333473
2012-10-23 22:00:00,165.93087931119442
2012-10-23 23:00:00,112.50178128637397
2012-10-24 00:00:00,54.476236954534635
2012-10-24 01:00:00,20.295614438796516
2012-10-24 02:00:00,9.421690904799865
2012-10-24 03:00:00,6.243108641794651
2012-10-24 04:00:00,7.153594862691275
2012-10-24 05:00:00,36.16334634299809
2012-10-24 06:00:00,145.3700929713137
2012-10-24 07:00:00,344.30501597050056
2012-10-24 08:00:00,645.3192523012068
2012-10-24 09:00:00,385.97381828199224
2012-10-24 10:00:00,208.2150726184777
2012-10-24 11:00:00,197.2907362206939
2012-10-24 12:00:00,288.3354296877139
2012-10-24 13:00:00,259.2699796336779
2012-10-24 14:00:00,212.40893498239936
2012-10-24 15:00:00,361.8232090551366
2012-10-24 16:00:00,539.3826800860962
2012-10-24 17:00:00,796.3383409924929
2012-10-24 18:00:00,830.4468109961421
2012-10-24 19:00:00,592.464628224219
2012-10-24 20:00:00,382.40300101602253
2012-10-24 21:00:00,292.2414536377769
2012-10-24 22:00:00,172.828601017016
2012-10-24 23:00:00,104.48425680487564
2012-10-25 00:00:00,66.73428772603681
2012-10-25 01:00:00,33.058701572478554
2012-10-25 02:00:00,10.862610073801774
2012-10-25 03:00:00,4.421619821778255
2012-10-25 04:00:00,5.594421435122678
2012-10-25 05:00:00,24.23751154477086
2012-10-25 06:00:00,104.56819070730477
2012-10-25 07:00:00,264.2016423381373
2012-10-25 08:00:00,491.67634440719434
2012-10-25 09:00:00,261.6380976312286
2012-10-25 10:00:00,117.579548863487
2012-10-25 11:00:00,120.87545331438199
2012-10-25 12:00:00,179.6904309616457
2012-10-25 13:00:00,171.7333811960048
2012-10-25 14:00:00,200.7610591286199
2012-10-25 15:00:00,295.7900933712141
2012-10-25 16:00:00,403.1824429750358
2012-10-25 17:00:00,678.6544159320399
2012-10-25 18:00:00,318.5997350754608
2012-10-25 19:00:00,246.54088165158888
2012-10-25 20:00:00,204.23749041220472
2012-10-25 21:00:00,150.10626538237264
2012-10-25 22:00:00,168.16892927343693
2012-10-25 23:00:00,94.54420446581207
2012-10-26 00:00:00,63.68133868735099
2012-10-26 01:00:00,23.898364011382924
2012-10-26 02:00:00,11.032429703182968
2012-10-26 03:00:00,6.631841636113946
2012-10-26 04:00:00,6.896427821768729
2012-10-26 05:00:00,30.50374009899269
2012-10-26 06:00:00,119.56346664283873
2012-10-26 07:00:00,385.05504833794555
2012-10-26 08:00:00,574.5733019387086
2012-10-26 09:00:00,320.2492863540883
2012-10-26 10:00:00,176.1262784742839
2012-10-26 11:00:00,210.8549676135428
2012-10-26 12:00:00,300.20995460277913
2012-10-26 13:00:00,292.2725306933225
2012-10-26 14:00:00,299.15635351950453
2012-10-26 15:00:00,346.6305270036703
2012-10-26 16:00:00,399.7458583005364
2012-10-26 17:00:00,414.52309735708957
2012-10-26 18:00:00,420.9916625133481
2012-10-26 19:00:00,254.27767436573154
2012-10-26 20:00:00,169.65001236013535
2012-10-26 21:00:00,195.59762737313662
2012-10-26 22:00:00,148.5145347875841
2012-10-26 23:00:00,146.78848764082787
2012-10-27 00:00:00,129.49857436103977
2012-10-27 01:00:00,76.58829305915971
2012-10-27 02:00:00,39.427959358446394
2012-10-27 03:00:00,31.39316472076123
2012-10-27 04:00:00,8.433430080106708
2012-10-27 05:00:00,7.7548383792476265
2012-10-27 06:00:00,22.443028554609164
2012-10-27 07:00:00,47.830425463144586
2012-10-27 08:00:00,103.21538610804994
2012-10-27 09:00:00,212.53801060305688
2012-10-27 10:00:00,365.77261554749174
2012-10-27 11:00:00,556.178755105316
2012-10-27 12:00:00,618.9782089062608
2012-10-27 13:00:00,510.23985762423507
2012-10-27 14:00:00,487.90708520552016
2012-10-27 15:00:00,502.10852438690677
2012-10-27 16:00:00,624.2748096733499
2012-10-27 17:00:00,590.0197672733448
2012-10-27 18:00:00,444.1593080614083
2012-10-27 19:00:00,318.27934467340384
2012-10-27 20:00:00,269.5438769758988
2012-10-27 21:00:00,242.36911345208847
2012-10-27 22:00:00,174.7996566745306
2012-10-27 23:00:00,160.47770780467803
2012-10-28 00:00:00,55.65294510931664
2012-10-28 01:00:00,56.31650982895555
2012-10-28 02:00:00,50.08798535595644
2012-10-28 03:00:00,28.576313150465435
2012-10-28 04:00:00,12.889922918929908
2012-10-28 05:00:00,8.195048812331448
2012-10-28 06:00:00,17.321392543487516
2012-10-28 07:00:00,25.50460280970494
2012-10-28 08:00:00,74.53037926426161
2012-10-28 09:00:00,176.321564439037
2012-10-28 10:00:00,235.15371587185385
2012-10-28 11:00:00,315.24639815154006
2012-10-28 12:00:00,405.0239917825699
2012-10-28 13:00:00,419.2050245022606
2012-10-28 14:00:00,471.1992623639085
2012-10-28 15:00:00,443.9875782307126
2012-10-28 16:00:00,376.83054252598754
2012-10-28 17:00:00,265.98890806732055
2012-10-28 18:00:00,57.43442836958159
2012-10-28 19:00:00,49.56605605895018
2012-10-28 20:00:00,42.912795951608075
2012-10-28 21:00:00,55.6965100122257
2012-10-28 22:00:00,51.276631237531056
2012-10-28 23:00:00,29.363163701607043
2012-10-29 00:00:00,28.430070212571636
2012-10-30 13:00:00,60.00363683221301
2012-10-30 14:00:00,53.15551056308721
2012-10-30 15:00:00,76.06895590998265
2012-10-30 16:00:00,117.2932310551311
2012-10-30 17:00:00,232.1234726281879
2012-10-30 18:00:00,313.1736985824205
2012-10-30 19:00:00,435.2292475368878
2012-10-30 20:00:00,136.24749619079935
2012-10-30 21:00:00,88.52533347037664
2012-10-30 22:00:00,83.529669563071
2012-10-30 23:00:00,46.166840429403344
2012-10-31 00:00:00,23.65815162533541
2012-10-31 01:00:00,11.497305277895649
2012-10-31 02:00:00,5.455190470734499
2012-10-31 03:00:00,4.151045987842558
2012-10-31 04:00:00,4.272134175033626
2012-10-31 05:00:00,29.040888808379947
2012-10-31 06:00:00,98.08449077183242
2012-10-31 07:00:00,302.21198605232905
2012-10-31 08:00:00,606.7089013551403
2012-10-31 09:00:00,276.0468671007649
2012-10-31 10:00:00,133.22294995471174
2012-10-31 11:00:00,149.5011659189592
2012-10-31 12:00:00,198.98711429529394
2012-10-31 13:00:00,224.52234596022893
2012-10-31 14:00:00,222.41549117356473
2012-10-31 15:00:00,213.57761874389504
2012-10-31 16:00:00,325.8898959247061
2012-10-31 17:00:00,482.7926976923819
2012-10-31 18:00:00,434.91349617556506
2012-10-31 19:00:00,389.43886592761584
2012-10-31 20:00:00,297.029636679437
2012-10-31 21:00:00,176.92913796118657
2012-10-31 22:00:00,141.06572302994468
2012-10-31 23:00:00,86.33011723235248
2012-11-20 00:00:00,27.45467541001332
2012-11-20 01:00:00,13.819929898156301
2012-11-20 02:00:00,3.439908197185165
2012-11-20 03:00:00,3.7101245052007603
2012-11-20 04:00:00,8.987374943074334
2012-11-20 05:00:00,38.92740805548546
2012-11-20 06:00:00,143.54595880813534
2012-11-20 07:00:00,239.06240452154861
2012-11-20 08:00:00,651.7114222557345
2012-11-20 09:00:00,296.73461643253603
2012-11-20 10:00:00,114.04447205725039
2012-11-20 11:00:00,131.84532655557447
2012-11-20 12:00:00,175.8751788444874
2012-11-20 13:00:00,185.67796559396908
2012-11-20 14:00:00,165.21676183875363
2012-11-20 15:00:00,171.0775604352947
2012-11-20 16:00:00,270.9514566798909
2012-11-20 17:00:00,604.915862648319
2012-11-20 18:00:00,354.91527563184724
2012-11-20 19:00:00,340.0768622703413
2012-11-20 20:00:00,251.85917595716325
2012-11-20 21:00:00,144.81936862203045
2012-11-20 22:00:00,130.01291862803018
2012-11-20 23:00:00,62.07975169438198
2012-11-21 00:00:00,27.922490842955796
2012-11-21 01:00:00,12.383223833293895
2012-11-21 02:00:00,5.181952388844538
2012-11-21 03:00:00,3.807540498762765
2012-11-21 04:00:00,4.202043502916355
2012-11-21 05:00:00,31.737971691730433
2012-11-21 06:00:00,93.73364991064112
2012-11-21 07:00:00,252.48228198507385
2012-11-21 08:00:00,647.8733813886041
2012-11-21 09:00:00,262.88490388938294
2012-11-21 10:00:00,151.47976058891157
2012-11-21 11:00:00,179.93771093891633
2012-11-21 12:00:00,258.161298008346
2012-11-21 13:00:00,215.77384853232076
2012-11-21 14:00:00,202.3762702743123
2012-11-21 15:00:00,230.76228933500238
2012-11-21 16:00:00,291.78167676462033
2012-11-21 17:00:00,566.5313254085729
2012-11-21 18:00:00,542.4308230310829
2012-11-21 19:00:00,368.50818710798796
2012-11-21 20:00:00,219.5820610296471
2012-11-21 21:00:00,163.72433161533826
2012-11-21 22:00:00,140.8353928228239
2012-11-21 23:00:00,84.59416201051535
2012-11-22 00:00:00,57.08048012306774
2012-11-22 01:00:00,37.673252407466514
2012-11-22 02:00:00,25.632056979565377
2012-11-22 03:00:00,10.288480642743174
2012-11-22 04:00:00,6.125639698141594
2012-11-22 05:00:00,12.324722076555569
2012-11-22 06:00:00,41.39296398068291
2012-11-22 07:00:00,98.73510975924845
2012-11-22 08:00:00,216.32057186599584
2012-11-22 09:00:00,189.95887003483168
2012-11-22 10:00:00,331.3740933626187
2012-11-22 11:00:00,275.60218663728136
2012-11-22 12:00:00,414.49384470697777
2012-11-22 13:00:00,401.22221221779006
2012-11-22 14:00:00,289.5672053848525
2012-11-22 15:00:00,277.5236044362638
2012-11-22 16:00:00,428.56358201782183
2012-11-22 17:00:00,391.1545926622654
2012-11-22 18:00:00,358.7121293886657
2012-11-22 19:00:00,321.50316653520287
2012-11-22 20:00:00,251.62197839413636
2012-11-22 21:00:00,245.59118606169133
2012-11-22 22:00:00,147.9487938203597
2012-11-22 23:00:00,97.08397303476657
2012-11-23 00:00:00,43.982508416461954
2012-11-23 01:00:00,26.337297229404978
2012-11-23 02:00:00,10.232763328953782
2012-11-23 03:00:00,4.555002380106521
2012-11-23 04:00:00,7.103532181472205
2012-11-23 05:00:00,18.28849062711148
2012-11-23 06:00:00,68.90251768550083
2012-11-23 07:00:00,222.97330150507074
2012-11-23 08:00:00,543.7564756354666
2012-11-23 09:00:00,318.4291743702251
2012-11-23 10:00:00,197.97462510065748
2012-11-23 11:00:00,220.21749027521173
2012-11-23 12:00:00,297.68570423346773
2012-11-23 13:00:00,295.5039131755091
2012-11-23 14:00:00,282.81825353872784
2012-11-23 15:00:00,257.94485431024833
2012-11-23 16:00:00,342.4771724313998
2012-11-23 17:00:00,687.545673534563
2012-11-23 18:00:00,544.234544779137
2012-11-23 19:00:00,365.44329588842254
2012-11-23 20:00:00,248.0618409830977
2012-11-23 21:00:00,204.5447857999762
2012-11-23 22:00:00,195.397855671502
2012-11-23 23:00:00,159.83743028997526
2012-11-24 00:00:00,95.52323955957779
2012-11-24 01:00:00,60.18539725349622
2012-11-24 02:00:00,29.685815699587206
2012-11-24 03:00:00,15.105044529284617
2012-11-24 04:00:00,5.401368902737204
2012-11-24 05:00:00,5.861804737923672
2012-11-24 06:00:00,23.397973185743542
2012-11-24 07:00:00,66.98273312827938
2012-11-24 08:00:00,106.98314707171656
2012-11-24 09:00:00,151.34713001123703
2012-11-24 10:00:00,193.80793398122137
2012-11-24 11:00:00,254.51167137184504
2012-11-24 12:00:00,166.29333692282805
2012-11-24 13:00:00,304.81037015099133
2012-11-24 14:00:00,201.98996184288808
2012-11-24 15:00:00,163.08968595611304
2012-11-24 16:00:00,214.4695729371225
2012-11-24 17:00:00,363.0883408046725
2012-11-24 18:00:00,175.16219207704037
2012-11-24 19:00:00,156.32886523817785
2012-11-24 20:00:00,84.7947969560525
2012-11-24 21:00:00,102.40869045107965
2012-11-24 22:00:00,86.30295233801577
2012-11-24 23:00:00,90.93801214107523
2012-11-25 00:00:00,69.28102787080336
2012-11-25 01:00:00,74.4372546158924
2012-11-25 02:00:00,29.43174575098466
2012-11-25 03:00:00,16.832436224672733
2012-11-25 04:00:00,5.373408979174447
2012-11-25 05:00:00,3.9730227826649207
2012-11-25 06:00:00,12.070596883784773
2012-11-25 07:00:00,29.992120471024805
2012-11-25 08:00:00,59.22544597585247
2012-11-25 09:00:00,112.57062891718101
2012-11-25 10:00:00,145.97120916387394
2012-11-25 11:00:00,265.4744626167632
2012-11-25 12:00:00,334.3470633933414
2012-11-25 13:00:00,315.33224324097824
2012-11-25 14:00:00,387.2199810679738
2012-11-25 15:00:00,306.7240040848618
2012-11-25 16:00:00,381.17888369063496
2012-11-25 17:00:00,218.4143668298738
2012-11-25 18:00:00,150.4102708212142
2012-11-25 19:00:00,119.52043010087804
2012-11-25 20:00:00,84.59125775030398
2012-11-25 21:00:00,62.74405516666212
2012-11-25 22:00:00,66.21524154317284
2012-11-25 23:00:00,39.735235588943794
2012-11-26 00:00:00,21.305895166351963
2012-11-26 01:00:00,8.137447491615442
2012-11-26 02:00:00,3.658998928930559
2012-11-26 03:00:00,2.6757363606637257
2012-11-26 04:00:00,4.086525811409257
2012-11-26 05:00:00,35.22857214210468
2012-11-26 06:00:00,81.97880694945654
2012-11-26 07:00:00,249.6283665427537
2012-11-26 08:00:00,375.94751965325224
2012-11-26 09:00:00,269.77339807829213
2012-11-26 10:00:00,104.94307540189281
2012-11-26 11:00:00,148.97570307131554
2012-11-26 12:00:00,196.85705489432047
2012-11-26 13:00:00,184.9701276267063
2012-11-26 14:00:00,158.43664923737623
2012-11-26 15:00:00,156.754340638838
2012-11-26 16:00:00,236.6671627582929
2012-11-26 17:00:00,367.58892263492965
2012-11-26 18:00:00,438.5214961204037
2012-11-26 19:00:00,255.60614214935816
2012-11-26 20:00:00,164.39162355196262
2012-11-26 21:00:00,132.50590325021298
2012-11-26 22:00:00,90.15394655584745
2012-11-26 23:00:00,55.772544776584546
2012-11-27 00:00:00,32.61656753601907
2012-11-27 01:00:00,11.985392215835262
2012-11-27 02:00:00,4.7216440017594286
2012-11-27 03:00:00,2.9445926224975807
2012-11-27 04:00:00,4.224646597400009
2012-11-27 05:00:00,36.28754368038978
2012-11-27 06:00:00,111.31947840478773
2012-11-27 07:00:00,166.5896876130115
2012-11-27 08:00:00,181.22130286504043
2012-11-27 09:00:00,246.23776372196016
2012-11-27 10:00:00,60.82006147347783
2012-11-27 11:00:00,63.259294741400296
2012-11-27 12:00:00,84.40060177020081
2012-11-27 13:00:00,92.56628796343458
2012-11-27 14:00:00,64.2184513186146
2012-11-27 15:00:00,141.2735915215479
2012-11-27 16:00:00,263.97623227292604
2012-11-27 17:00:00,441.9591768979137
2012-11-27 18:00:00,138.16909221201902
2012-11-27 19:00:00,220.92016661747843
2012-11-27 20:00:00,104.03156142142596
2012-11-27 21:00:00,42.000574476579104
2012-11-27 22:00:00,66.37022941911765
2012-11-27 23:00:00,39.923846826740906
2012-11-28 00:00:00,72.49840543116922
2012-11-28 01:00:00,26.302250672027352
2012-11-28 02:00:00,11.471766780113434
2012-11-28 03:00:00,6.764005556347429
2012-11-28 04:00:00,8.814039299735024
2012-11-28 05:00:00,35.410807791901455
2012-11-28 06:00:00,143.36229340096585
2012-11-28 07:00:00,380.3415264756614
2012-11-28 08:00:00,386.82431331889745
2012-11-28 09:00:00,297.6990476074015
2012-11-28 10:00:00,163.53886472156702
2012-11-28 11:00:00,196.7687442066022
2012-11-28 12:00:00,197.42926404713177
2012-11-28 13:00:00,248.99437490858452
2012-11-28 14:00:00,202.52213511006792
2012-11-28 15:00:00,190.59098645074263
2012-11-28 16:00:00,242.46436233698347
2012-11-28 17:00:00,372.65048597574105
2012-11-28 18:00:00,393.24823413244445
2012-11-28 19:00:00,308.42205529564524
2012-11-28 20:00:00,216.589030645282
2012-11-28 21:00:00,148.50235472029124
2012-11-28 22:00:00,96.79834805494914
2012-11-28 23:00:00,48.79107920542069
2012-11-29 00:00:00,34.03051700062305
2012-11-29 01:00:00,16.626704744361856
2012-11-29 02:00:00,4.709252520163614
2012-11-29 04:00:00,6.512533257065972
2012-11-29 05:00:00,26.640473045507427
2012-11-29 06:00:00,104.85669058682298
2012-11-29 07:00:00,246.14467097854788
2012-11-29 08:00:00,698.646397313384
2012-11-29 09:00:00,366.57842234545933
2012-11-29 10:00:00,124.96461112798158
2012-11-29 11:00:00,186.30960625246422
2012-11-29 12:00:00,247.34536025411566
2012-11-29 13:00:00,232.453437834227
2012-11-29 14:00:00,158.82930717033247
2012-11-29 15:00:00,173.59051794517356
2012-11-29 16:00:00,264.81020123594317
2012-11-29 17:00:00,594.0861857058236
2012-11-29 18:00:00,523.7837113618594
2012-11-29 19:00:00,264.2801402601137
2012-11-29 20:00:00,242.727068528957
2012-11-29 21:00:00,129.39734438698238
2012-11-29 22:00:00,107.93184445323212
2012-11-29 23:00:00,96.60224104326622
2012-11-30 00:00:00,41.04599666992465
2012-11-30 01:00:00,28.888321530838095
2012-11-30 02:00:00,6.573831306182126
2012-11-30 03:00:00,3.729329242511947
2012-11-30 04:00:00,3.6281815596736373
2012-11-30 05:00:00,17.345456730406113
2012-11-30 06:00:00,43.787092189859436
2012-11-30 07:00:00,165.24977458134438
2012-11-30 08:00:00,500.5945393069783
2012-11-30 09:00:00,343.7749671267271
2012-11-30 10:00:00,161.03836487006572
2012-11-30 11:00:00,211.30165206439383
2012-11-30 12:00:00,346.8150356205054
2012-11-30 13:00:00,294.51401062336566
2012-11-30 14:00:00,266.7013959612695
2012-11-30 15:00:00,262.68767183482595
2012-11-30 16:00:00,340.90440357479207
2012-11-30 17:00:00,493.841786033126
2012-11-30 18:00:00,332.09002559759585
2012-11-30 19:00:00,252.52815585980724
2012-11-30 20:00:00,188.64388125436645
2012-11-30 21:00:00,166.05807710774417
2012-11-30 22:00:00,142.9028285776465
2012-11-30 23:00:00,110.95958655833984
2012-12-20 00:00:00,43.024502181184936
2012-12-20 01:00:00,16.390847952181687
2012-12-20 02:00:00,6.598213811954338
2012-12-20 03:00:00,3.875508817390187
2012-12-20 04:00:00,5.009793832201536
2012-12-20 05:00:00,30.573754209559823
2012-12-20 06:00:00,85.02578302939082
2012-12-20 07:00:00,429.0256733515842
2012-12-20 08:00:00,657.0618714950813
2012-12-20 09:00:00,277.1005920698283
2012-12-20 10:00:00,139.76319308510247
2012-12-20 11:00:00,149.05400658304998
2012-12-20 12:00:00,249.2155479125804
2012-12-20 13:00:00,219.76034107976915
2012-12-20 14:00:00,186.89856280410135
2012-12-20 15:00:00,213.27221023793467
2012-12-20 16:00:00,204.67405991852843
2012-12-20 17:00:00,565.190303426662
2012-12-20 18:00:00,375.1080604501703
2012-12-20 19:00:00,121.58230839942411
2012-12-20 20:00:00,108.4322201257651
2012-12-20 21:00:00,91.72268588238146
2012-12-20 22:00:00,52.37614664872821
2012-12-20 23:00:00,44.36819603527921
2012-12-21 00:00:00,15.009924627476302
2012-12-21 01:00:00,12.883347954588645
2012-12-21 02:00:00,7.022539693338802
2012-12-21 03:00:00,3.2999714516032657
2012-12-21 04:00:00,2.9066046329418014
2012-12-21 05:00:00,14.8324330585234
2012-12-21 06:00:00,93.89952812139761
2012-12-21 07:00:00,168.35033481352178
2012-12-21 08:00:00,292.12846135225095
2012-12-21 09:00:00,274.30644437772037
2012-12-21 10:00:00,114.3293467826953
2012-12-21 11:00:00,123.56592818933622
2012-12-21 12:00:00,134.2843496812526
2012-12-21 13:00:00,125.33818785446142
2012-12-21 14:00:00,102.52258175374365
2012-12-21 15:00:00,128.50533007917815
2012-12-21 16:00:00,165.3975065921112
2012-12-21 17:00:00,276.60923344879984
2012-12-21 18:00:00,215.27951960627533
2012-12-21 19:00:00,166.78609003192454
2012-12-21 20:00:00,82.84107388333553
2012-12-21 21:00:00,124.63825868475325
2012-12-21 22:00:00,86.83019663781957
2012-12-21 23:00:00,54.69164151025352
2012-12-22 00:00:00,50.965370041142556
2012-12-22 01:00:00,32.25284795541122
2012-12-22 02:00:00,33.44264578210747
2012-12-22 03:00:00,11.1252055525982
2012-12-22 04:00:00,3.4458634475469605
2012-12-22 05:00:00,2.889647312812751
2012-12-22 06:00:00,9.94701437940439
2012-12-22 07:00:00,29.27361425807185
2012-12-22 08:00:00,60.63112229910698
2012-12-22 09:00:00,111.46102989335844
2012-12-22 10:00:00,129.60155208703358
2012-12-22 11:00:00,165.89757228870525
2012-12-22 12:00:00,144.51246743988742
2012-12-22 13:00:00,126.04499261520336
2012-12-22 14:00:00,109.71017556849046
2012-12-22 15:00:00,133.66556804562285
2012-12-22 16:00:00,123.76712967766183
2012-12-22 17:00:00,128.47726868215852
2012-12-22 18:00:00,139.7254108839351
2012-12-22 19:00:00,96.4785935797294
2012-12-22 20:00:00,80.73628840768812
2012-12-22 21:00:00,72.92183979251847
2012-12-22 22:00:00,54.50843109205591
2012-12-22 23:00:00,38.41798521328144
2012-12-23 00:00:00,40.88464779097489
2012-12-23 01:00:00,28.1659763881281
2012-12-23 02:00:00,20.89106222101125
2012-12-23 03:00:00,10.041015907348354
2012-12-23 04:00:00,3.079607740174364
2012-12-23 05:00:00,1.4810076872727271
2012-12-23 06:00:00,3.100396254187356
2012-12-23 07:00:00,7.009993634217426
2012-12-23 08:00:00,30.259352124944023
2012-12-23 09:00:00,82.41551282541437
2012-12-23 10:00:00,59.62074806616767
2012-12-23 11:00:00,156.3690493008993
2012-12-23 12:00:00,254.71794661408717
2012-12-23 13:00:00,254.10216634816567
2012-12-23 14:00:00,239.92289301601085
2012-12-23 15:00:00,227.68405978916115
2012-12-23 16:00:00,190.4699715746091
2012-12-23 17:00:00,138.27052514392327
2012-12-23 18:00:00,126.14925420403208
2012-12-23 19:00:00,94.50990314327755
2012-12-23 20:00:00,41.29177423635722
2012-12-23 21:00:00,48.5567909473581
2012-12-23 22:00:00,49.84553238134357
2012-12-23 23:00:00,28.49767546195369
2012-12-24 00:00:00,10.638244306410837
2012-12-24 01:00:00,5.33678795914609
2012-12-24 02:00:00,2.421538133780531
2012-12-24 03:00:00,1.8869643120526318
2012-12-24 05:00:00,11.031048863092197
2012-12-24 06:00:00,38.03469551819962
2012-12-24 07:00:00,102.58405060033904
2012-12-24 08:00:00,331.19700982528127
2012-12-24 09:00:00,185.08720690053406
2012-12-24 10:00:00,46.24868413368556
2012-12-24 11:00:00,101.65225385763726
2012-12-24 12:00:00,87.06216054920438
2012-12-24 13:00:00,66.03312168178056
2012-12-24 14:00:00,68.27239396697357
2012-12-24 15:00:00,59.275990489788704
2012-12-24 16:00:00,99.74565168375511
2012-12-24 17:00:00,201.2326052830636
2012-12-24 18:00:00,166.88449742078143
2012-12-24 19:00:00,161.04573679011585
2012-12-24 20:00:00,125.13144898055043
2012-12-24 21:00:00,60.4149926643407
2012-12-24 22:00:00,52.40652492485307
2012-12-24 23:00:00,23.009220198835898
2012-12-25 00:00:00,14.544195404278344
2012-12-25 01:00:00,26.65002754036788
2012-12-25 02:00:00,16.43345617119111
2012-12-25 04:00:00,5.849962585258919
2012-12-25 05:00:00,5.012095426139024
2012-12-25 06:00:00,8.608844194903671
2012-12-25 07:00:00,21.991049685476636
2012-12-25 08:00:00,83.23552597281784
2012-12-25 09:00:00,166.18838368542228
2012-12-25 10:00:00,145.52475401821516
2012-12-25 11:00:00,157.6507851288061
2012-12-25 12:00:00,175.35649269488377
2012-12-25 13:00:00,155.46306455411738
2012-12-25 14:00:00,177.98245372519088
2012-12-25 15:00:00,178.41683145358306
2012-12-25 16:00:00,188.482485755267
2012-12-25 17:00:00,218.4212407117134
2012-12-25 18:00:00,231.60946754987208
2012-12-25 19:00:00,204.01916584805804
2012-12-25 20:00:00,108.97097080786233
2012-12-25 21:00:00,81.34282093962989
2012-12-25 22:00:00,60.051752824570166
2012-12-25 23:00:00,40.99250143912433
2012-12-26 00:00:00,25.317397411131207
2012-12-26 01:00:00,5.748632754541907
2012-12-26 02:00:00,2.748183626862407
2012-12-26 03:00:00,1.671554463910835
2012-12-26 04:00:00,0.6309824856470759
2012-12-26 05:00:00,9.732791725169571
2012-12-26 06:00:00,47.48644525799592
2012-12-26 07:00:00,53.92180814279828
2012-12-26 08:00:00,102.86001322953034
2012-12-26 09:00:00,36.66516583899472
2012-12-26 10:00:00,16.58257146346247
2012-12-26 11:00:00,17.798138717922676
2012-12-26 12:00:00,23.871633432888878
2012-12-26 13:00:00,20.22183058740641
2012-12-26 14:00:00,19.489652434501956
2012-12-26 15:00:00,39.5845315713263
2012-12-26 16:00:00,68.89860801801981
2012-12-26 17:00:00,113.96260420930685
2012-12-26 18:00:00,83.23556566261897
2012-12-26 19:00:00,114.1419093875747
2012-12-26 20:00:00,51.78524014082885
2012-12-26 21:00:00,56.87632931519026
2012-12-26 22:00:00,12.367317719771448
2012-12-26 23:00:00,19.216495715869648
2012-12-27 00:00:00,12.419171073423836
2012-12-27 01:00:00,3.8223247740395374
2012-12-27 02:00:00,2.1914908780758875
2012-12-27 03:00:00,3.3367170576261826
2012-12-27 04:00:00,1.483211255006369
2012-12-27 05:00:00,14.375929403123479
2012-12-27 06:00:00,55.65928790746914
2012-12-27 07:00:00,252.0821724499295
2012-12-27 08:00:00,399.51413925256213
2012-12-27 09:00:00,215.25683442795886
2012-12-27 10:00:00,141.65255263818017
2012-12-27 11:00:00,116.17363729363878
2012-12-27 12:00:00,128.44400732292198
2012-12-27 13:00:00,115.12295910266086
2012-12-27 14:00:00,82.33098522972638
2012-12-27 15:00:00,91.19690793454578
2012-12-27 16:00:00,129.8575281263446
2012-12-27 17:00:00,264.1336212693803
2012-12-27 18:00:00,186.70358050967008
2012-12-27 19:00:00,114.59760952073452
2012-12-27 20:00:00,137.42948674763812
2012-12-27 21:00:00,78.82535482740077
2012-12-27 22:00:00,36.96270881194473
2012-12-27 23:00:00,36.93588419386513
2012-12-28 00:00:00,35.007931690122746
2012-12-28 01:00:00,15.320605610293333
2012-12-28 02:00:00,6.59918529541549
2012-12-28 03:00:00,3.350370047694729
2012-12-28 04:00:00,2.958219520486639
2012-12-28 05:00:00,16.610499415153424
2012-12-28 06:00:00,46.01500648663031
2012-12-28 07:00:00,150.4879649468891
2012-12-28 08:00:00,504.26652803860077
2012-12-28 09:00:00,133.59821531843963
2012-12-28 10:00:00,86.5789495551039
2012-12-28 11:00:00,98.89012639457037
2012-12-28 12:00:00,147.87946189543382
2012-12-28 13:00:00,131.45642932934427
2012-12-28 14:00:00,104.13588574730122
2012-12-28 15:00:00,148.45775021267784
2012-12-28 16:00:00,138.02889601583595
2012-12-28 17:00:00,227.72912005876015
2012-12-28 18:00:00,206.6996720392252
2012-12-28 19:00:00,124.24372006987095
2012-12-28 20:00:00,80.19976066977992
2012-12-28 21:00:00,60.08219944659138
2012-12-28 22:00:00,78.35710335942822
2012-12-28 23:00:00,53.47215355472792
2012-12-29 00:00:00,43.05198145013321
2012-12-29 01:00:00,30.056896813731598
2012-12-29 02:00:00,29.63007498210418
2012-12-29 03:00:00,9.761550048892902
2012-12-29 04:00:00,3.616586290220323
2012-12-29 05:00:00,3.0788585437866223
2012-12-29 06:00:00,7.920795358459969
2012-12-29 07:00:00,25.626643064876493
2012-12-29 08:00:00,51.14560920590615
2012-12-29 09:00:00,109.96487319733676
2012-12-29 10:00:00,161.18117905161446
2012-12-29 11:00:00,89.99923397498877
2012-12-29 12:00:00,64.49946769505215
2012-12-29 13:00:00,70.10120043615268
2012-12-29 14:00:00,326.1554211083676
2012-12-29 15:00:00,279.75120158561555
2012-12-29 16:00:00,298.764896077029
2012-12-29 17:00:00,185.51052694854508
2012-12-29 18:00:00,154.93511558291524
2012-12-29 19:00:00,97.85530371401444
2012-12-29 20:00:00,52.03412570654223
2012-12-29 21:00:00,39.947507523456544
2012-12-29 22:00:00,50.44838080141115
2012-12-29 23:00:00,59.7077770210363
2012-12-30 00:00:00,31.954698538710332
2012-12-30 01:00:00,33.62736230230662
2012-12-30 02:00:00,32.617142994376294
2012-12-30 03:00:00,11.499863075087372
2012-12-30 04:00:00,1.621966641615118
2012-12-30 05:00:00,2.2009420520880236
2012-12-30 06:00:00,2.744920941290226
2012-12-30 07:00:00,7.97502043373718
2012-12-30 08:00:00,24.458501223121672
2012-12-30 09:00:00,74.13093064760363
2012-12-30 10:00:00,120.04779527326922
2012-12-30 11:00:00,165.1534336598883
2012-12-30 12:00:00,189.8655055759447
2012-12-30 13:00:00,190.1953388752223
2012-12-30 14:00:00,153.90513744037887
2012-12-30 15:00:00,140.90229563493037
2012-12-30 16:00:00,140.66203682172033
2012-12-30 17:00:00,157.6882261027687
2012-12-30 18:00:00,84.5656077817624
2012-12-30 19:00:00,77.97401999928468
2012-12-30 20:00:00,46.744841749357185
2012-12-30 21:00:00,32.40053467090221
2012-12-30 22:00:00,22.696457015522014
2012-12-30 23:00:00,15.691078288776813
2012-12-31 00:00:00,7.714465922916186
2012-12-31 01:00:00,3.6270537412374697
2012-12-31 02:00:00,1.8145909384116035
2012-12-31 03:00:00,1.7147769900145244
2012-12-31 04:00:00,1.4772707001793237
2012-12-31 05:00:00,4.570740628122326
2012-12-31 06:00:00,37.43385547181303
2012-12-31 07:00:00,126.48631795118222
2012-12-31 08:00:00,192.7575390044754
2012-12-31 09:00:00,146.6194790117367
2012-12-31 10:00:00,51.668634862106366
2012-12-31 11:00:00,82.62291722596468
2012-12-31 12:00:00,103.80392035833596
2012-12-31 13:00:00,112.569072270039
2012-12-31 14:00:00,90.55298890369244
2012-12-31 15:00:00,89.51448907203644
2012-12-31 16:00:00,96.84165305096501
2012-12-31 17:00:00,139.86246166039527
2012-12-31 18:00:00,177.68091653532147
2012-12-31 19:00:00,162.8170289441809
2012-12-31 20:00:00,105.21595152566854
2012-12-31 21:00:00,76.60414444180583
2012-12-31 22:00:00,72.28128631476744
2012-12-31 23:00:00,27.60943805773251
